Country Name,Year,Temperature
Afghanistan,2010,1.613
Afghanistan,2011,1.397
Afghanistan,2012,0.223
Afghanistan,2013,1.281
Afghanistan,2014,0.456
Afghanistan,2015,1.093
Afghanistan,2016,1.555
Afghanistan,2017,1.54
Afghanistan,2018,1.544
Afghanistan,2019,0.91
Afghanistan,2020,0.498
Afghanistan,2021,1.327
Afghanistan,2022,2.012
Albania,2010,1.191
Albania,2011,1.055
Albania,2012,1.487
Albania,2013,1.333
Albania,2014,1.198
Albania,2015,1.569
Albania,2016,1.464
Albania,2017,1.121
Albania,2018,2.028
Albania,2019,1.675
Albania,2020,1.498
Albania,2021,1.536
Albania,2022,1.518
Algeria,2010,2.265
Algeria,2011,1.398
Algeria,2012,1.147
Algeria,2013,1.192
Algeria,2014,1.69
Algeria,2015,1.121
Algeria,2016,1.757
Algeria,2017,1.512
Algeria,2018,1.21
Algeria,2019,1.115
Algeria,2020,1.926
Algeria,2021,2.33
Algeria,2022,1.688
American Samoa,2010,1.311
American Samoa,2011,0.854
American Samoa,2012,0.924
American Samoa,2013,1.257
American Samoa,2014,1.17
American Samoa,2015,1.009
American Samoa,2016,1.539
American Samoa,2017,1.435
American Samoa,2018,1.189
American Samoa,2019,1.539
American Samoa,2020,1.43
American Samoa,2021,1.268
American Samoa,2022,1.256
Andorra,2010,0.471
Andorra,2011,1.677
Andorra,2012,1.265
Andorra,2013,0.831
Andorra,2014,1.946
Andorra,2015,1.69
Andorra,2016,1.99
Andorra,2017,1.925
Andorra,2018,1.919
Andorra,2019,1.964
Andorra,2020,2.562
Andorra,2021,1.533
Andorra,2022,3.243
Angola,2010,1.194
Angola,2011,0.88
Angola,2012,0.552
Angola,2013,1.044
Angola,2014,0.828
Angola,2015,1.331
Angola,2016,1.609
Angola,2017,0.87
Angola,2018,1.395
Angola,2019,1.752
Angola,2020,1.162
Angola,2021,1.553
Angola,2022,1.212
Anguilla,2010,1.09
Anguilla,2011,0.489
Anguilla,2012,0.64
Anguilla,2013,0.77
Anguilla,2014,0.814
Anguilla,2015,1.051
Anguilla,2016,1.125
Anguilla,2017,0.96
Anguilla,2018,0.664
Anguilla,2019,0.843
Anguilla,2020,1.224
Anguilla,2021,0.893
Anguilla,2022,0.839
Antarctica,2010,0.841
Antarctica,2011,0.763
Antarctica,2012,-0.21
Antarctica,2013,1.734
Antarctica,2014,0.565
Antarctica,2015,-0.025
Antarctica,2016,0.227
Antarctica,2017,0.784
Antarctica,2018,1.452
Antarctica,2019,0.601
Antarctica,2020,0.794
Antarctica,2021,-0.576
Antarctica,2022,0.476
Antigua and Barbuda,2010,1.153
Antigua and Barbuda,2011,0.586
Antigua and Barbuda,2012,0.696
Antigua and Barbuda,2013,0.783
Antigua and Barbuda,2014,0.744
Antigua and Barbuda,2015,1.035
Antigua and Barbuda,2016,1.097
Antigua and Barbuda,2017,0.958
Antigua and Barbuda,2018,0.627
Antigua and Barbuda,2019,0.797
Antigua and Barbuda,2020,1.131
Antigua and Barbuda,2021,0.862
Antigua and Barbuda,2022,0.77
Argentina,2010,0.135
Argentina,2011,0.386
Argentina,2012,0.798
Argentina,2013,0.442
Argentina,2014,0.951
Argentina,2015,0.957
Argentina,2016,0.488
Argentina,2017,1.095
Argentina,2018,0.878
Argentina,2019,0.76
Argentina,2020,1.123
Argentina,2021,1.031
Argentina,2022,0.643
Armenia,2010,2.775
Armenia,2011,0.65
Armenia,2012,1.247
Armenia,2013,1.407
Armenia,2014,1.283
Armenia,2015,1.931
Armenia,2016,1.356
Armenia,2017,0.889
Armenia,2018,2.772
Armenia,2019,1.859
Armenia,2020,1.954
Armenia,2021,2.087
Armenia,2022,1.707
Aruba,2010,1.309
Aruba,2011,0.509
Aruba,2012,0.58
Aruba,2013,1.094
Aruba,2014,0.986
Aruba,2015,1.149
Aruba,2016,
Aruba,2017,1.303
Aruba,2018,0.698
Aruba,2019,1.007
Aruba,2020,1.281
Aruba,2021,
Aruba,2022,
Australia,2010,0.673
Australia,2011,0.208
Australia,2012,0.308
Australia,2013,1.499
Australia,2014,1.198
Australia,2015,1.087
Australia,2016,1.172
Australia,2017,1.141
Australia,2018,1.129
Australia,2019,1.422
Australia,2020,1.416
Australia,2021,0.629
Australia,2022,0.754
Austria,2010,0.656
Austria,2011,1.373
Austria,2012,1.783
Austria,2013,1.098
Austria,2014,2.409
Austria,2015,2.167
Austria,2016,2.096
Austria,2017,1.741
Austria,2018,2.524
Austria,2019,2.37
Austria,2020,2.315
Austria,2021,1.395
Austria,2022,2.498
Azerbaijan,2010,2.327
Azerbaijan,2011,0.766
Azerbaijan,2012,1.474
Azerbaijan,2013,1.574
Azerbaijan,2014,1.252
Azerbaijan,2015,1.672
Azerbaijan,2016,1.53
Azerbaijan,2017,1.308
Azerbaijan,2018,2.24
Azerbaijan,2019,1.997
Azerbaijan,2020,2.015
Azerbaijan,2021,2.061
Azerbaijan,2022,2.08
Bahamas,2010,0.314
Bahamas,2011,0.363
Bahamas,2012,0.344
Bahamas,2013,0.565
Bahamas,2014,0.883
Bahamas,2015,1.114
Bahamas,2016,1.042
Bahamas,2017,1.331
Bahamas,2018,1.023
Bahamas,2019,1.443
Bahamas,2020,1.611
Bahamas,2021,0.879
Bahamas,2022,1.48
Bahrain,2010,2.286
Bahrain,2011,1.431
Bahrain,2012,1.385
Bahrain,2013,1.403
Bahrain,2014,1.694
Bahrain,2015,2.24
Bahrain,2016,1.598
Bahrain,2017,2.08
Bahrain,2018,2.247
Bahrain,2019,2.108
Bahrain,2020,2.027
Bahrain,2021,2.464
Bahrain,2022,2.017
Bangladesh,2010,0.768
Bangladesh,2011,0.144
Bangladesh,2012,0.235
Bangladesh,2013,0.23
Bangladesh,2014,0.482
Bangladesh,2015,0.722
Bangladesh,2016,1.337
Bangladesh,2017,1.124
Bangladesh,2018,0.881
Bangladesh,2019,1.136
Bangladesh,2020,0.898
Bangladesh,2021,1.3
Bangladesh,2022,1.216
Barbados,2010,1.147
Barbados,2011,0.677
Barbados,2012,0.488
Barbados,2013,0.778
Barbados,2014,0.418
Barbados,2015,0.868
Barbados,2016,
Barbados,2017,
Barbados,2018,
Barbados,2019,
Barbados,2020,
Barbados,2021,
Barbados,2022,
Belarus,2010,1.461
Belarus,2011,1.017
Belarus,2012,1.561
Belarus,2013,1.212
Belarus,2014,2.18
Belarus,2015,2.247
Belarus,2016,2.201
Belarus,2017,1.592
Belarus,2018,2.342
Belarus,2019,2.689
Belarus,2020,3.51
Belarus,2021,1.728
Belarus,2022,1.922
Belgium,2010,0.233
Belgium,2011,1.289
Belgium,2012,1.13
Belgium,2013,0.463
Belgium,2014,2.417
Belgium,2015,1.371
Belgium,2016,1.882
Belgium,2017,1.731
Belgium,2018,2.196
Belgium,2019,2.081
Belgium,2020,2.572
Belgium,2021,1.203
Belgium,2022,2.807
Belize,2010,0.843
Belize,2011,0.724
Belize,2012,0.644
Belize,2013,0.785
Belize,2014,0.697
Belize,2015,1.502
Belize,2016,1.446
Belize,2017,1.342
Belize,2018,0.85
Belize,2019,1.556
Belize,2020,1.716
Belize,2021,1.286
Belize,2022,1.031
Benin,2010,1.23
Benin,2011,0.949
Benin,2012,0.595
Benin,2013,0.853
Benin,2014,0.94
Benin,2015,1.111
Benin,2016,1.025
Benin,2017,1.16
Benin,2018,1.056
Benin,2019,1.147
Benin,2020,1.031
Benin,2021,1.522
Benin,2022,0.884
Bhutan,2010,1.202
Bhutan,2011,0.534
Bhutan,2012,0.512
Bhutan,2013,0.742
Bhutan,2014,0.86
Bhutan,2015,1.068
Bhutan,2016,1.487
Bhutan,2017,1.457
Bhutan,2018,1.346
Bhutan,2019,1.329
Bhutan,2020,1.09
Bhutan,2021,1.707
Bhutan,2022,1.523
Bolivia (Plurinational State of),2010,0.68
Bolivia (Plurinational State of),2011,1.165
Bolivia (Plurinational State of),2012,0.831
Bolivia (Plurinational State of),2013,0.507
Bolivia (Plurinational State of),2014,0.955
Bolivia (Plurinational State of),2015,1.533
Bolivia (Plurinational State of),2016,0.824
Bolivia (Plurinational State of),2017,0.981
Bolivia (Plurinational State of),2018,0.562
Bolivia (Plurinational State of),2019,0.921
Bolivia (Plurinational State of),2020,1.315
Bolivia (Plurinational State of),2021,0.738
Bolivia (Plurinational State of),2022,0.644
Bosnia and Herzegovina,2010,0.954
Bosnia and Herzegovina,2011,1.117
Bosnia and Herzegovina,2012,1.756
Bosnia and Herzegovina,2013,1.319
Bosnia and Herzegovina,2014,1.823
Bosnia and Herzegovina,2015,1.813
Bosnia and Herzegovina,2016,1.673
Bosnia and Herzegovina,2017,1.419
Bosnia and Herzegovina,2018,2.275
Bosnia and Herzegovina,2019,1.987
Bosnia and Herzegovina,2020,1.88
Bosnia and Herzegovina,2021,1.598
Bosnia and Herzegovina,2022,2.091
Botswana,2010,0.936
Botswana,2011,-0.048
Botswana,2012,0.473
Botswana,2013,0.77
Botswana,2014,-0.092
Botswana,2015,1.546
Botswana,2016,1.469
Botswana,2017,0.017
Botswana,2018,0.734
Botswana,2019,1.525
Botswana,2020,0.493
Botswana,2021,-0.425
Botswana,2022,-1.305
Brazil,2010,1.112
Brazil,2011,0.814
Brazil,2012,1.023
Brazil,2013,0.922
Brazil,2014,1.153
Brazil,2015,1.516
Brazil,2016,1.457
Brazil,2017,1.363
Brazil,2018,1.148
Brazil,2019,1.517
Brazil,2020,1.477
Brazil,2021,1.154
Brazil,2022,0.926
British Virgin Islands,2010,1.053
British Virgin Islands,2011,0.393
British Virgin Islands,2012,0.61
British Virgin Islands,2013,0.782
British Virgin Islands,2014,0.878
British Virgin Islands,2015,1.065
British Virgin Islands,2016,1.204
British Virgin Islands,2017,0.971
British Virgin Islands,2018,0.703
British Virgin Islands,2019,0.915
British Virgin Islands,2020,1.317
British Virgin Islands,2021,0.956
British Virgin Islands,2022,0.875
Brunei Darussalam,2010,1.012
Brunei Darussalam,2011,0.725
Brunei Darussalam,2012,0.912
Brunei Darussalam,2013,1.195
Brunei Darussalam,2014,1.028
Brunei Darussalam,2015,1.281
Brunei Darussalam,2016,1.74
Brunei Darussalam,2017,1.468
Brunei Darussalam,2018,1.41
Brunei Darussalam,2019,1.624
Brunei Darussalam,2020,1.783
Brunei Darussalam,2021,1.458
Brunei Darussalam,2022,1.446
Bulgaria,2010,1.361
Bulgaria,2011,0.422
Bulgaria,2012,1.678
Bulgaria,2013,1.476
Bulgaria,2014,1.196
Bulgaria,2015,1.438
Bulgaria,2016,1.899
Bulgaria,2017,0.954
Bulgaria,2018,2.192
Bulgaria,2019,2.112
Bulgaria,2020,2.037
Bulgaria,2021,1.629
Bulgaria,2022,1.831
Burkina Faso,2010,1.25
Burkina Faso,2011,1.001
Burkina Faso,2012,0.492
Burkina Faso,2013,0.849
Burkina Faso,2014,0.888
Burkina Faso,2015,1.111
Burkina Faso,2016,1.075
Burkina Faso,2017,1.212
Burkina Faso,2018,1.156
Burkina Faso,2019,1.065
Burkina Faso,2020,1.044
Burkina Faso,2021,1.624
Burkina Faso,2022,0.802
Burundi,2010,
Burundi,2011,
Burundi,2012,
Burundi,2013,
Burundi,2014,
Burundi,2015,
Burundi,2016,
Burundi,2017,
Burundi,2018,
Burundi,2019,
Burundi,2020,
Burundi,2021,
Burundi,2022,
Cabo Verde,2010,
Cabo Verde,2011,1.372
Cabo Verde,2012,1.338
Cabo Verde,2013,1.331
Cabo Verde,2014,1.083
Cabo Verde,2015,1.071
Cabo Verde,2016,1.692
Cabo Verde,2017,2
Cabo Verde,2018,0.926
Cabo Verde,2019,1.622
Cabo Verde,2020,
Cabo Verde,2021,1.765
Cabo Verde,2022,1.853
Cambodia,2010,1.225
Cambodia,2011,0.424
Cambodia,2012,0.875
Cambodia,2013,1.005
Cambodia,2014,0.614
Cambodia,2015,1.081
Cambodia,2016,1.473
Cambodia,2017,1.095
Cambodia,2018,0.787
Cambodia,2019,1.552
Cambodia,2020,1.401
Cambodia,2021,0.912
Cambodia,2022,0.948
Cameroon,2010,1.181
Cameroon,2011,0.655
Cameroon,2012,0.416
Cameroon,2013,0.707
Cameroon,2014,0.882
Cameroon,2015,1.16
Cameroon,2016,1.213
Cameroon,2017,1.165
Cameroon,2018,1.156
Cameroon,2019,1.45
Cameroon,2020,1.281
Cameroon,2021,1.47
Cameroon,2022,1.044
Canada,2010,2.915
Canada,2011,1.438
Canada,2012,2.144
Canada,2013,1.182
Canada,2014,0.288
Canada,2015,1.231
Canada,2016,2.373
Canada,2017,1.48
Canada,2018,0.477
Canada,2019,1.311
Canada,2020,1.128
Canada,2021,2.515
Canada,2022,1.268
Cayman Islands,2010,0.989
Cayman Islands,2011,0.675
Cayman Islands,2012,0.743
Cayman Islands,2013,0.899
Cayman Islands,2014,1.106
Cayman Islands,2015,1.347
Cayman Islands,2016,1.284
Cayman Islands,2017,1.257
Cayman Islands,2018,0.865
Cayman Islands,2019,1.237
Cayman Islands,2020,1.278
Cayman Islands,2021,0.957
Cayman Islands,2022,0.974
Central African Republic,2010,1.162
Central African Republic,2011,0.763
Central African Republic,2012,0.491
Central African Republic,2013,0.865
Central African Republic,2014,0.697
Central African Republic,2015,0.983
Central African Republic,2016,1.222
Central African Republic,2017,1.224
Central African Republic,2018,1.145
Central African Republic,2019,1.264
Central African Republic,2020,1.14
Central African Republic,2021,1.268
Central African Republic,2022,1.032
Chad,2010,1.181
Chad,2011,0.969
Chad,2012,0.553
Chad,2013,1.013
Chad,2014,0.856
Chad,2015,1.294
Chad,2016,0.939
Chad,2017,1.026
Chad,2018,1.527
Chad,2019,1.306
Chad,2020,1.192
Chad,2021,1.146
Chad,2022,0.738
Channel Islands,2010,0.183
Channel Islands,2011,1.151
Channel Islands,2012,0.826
Channel Islands,2013,0.61
Channel Islands,2014,1.82
Channel Islands,2015,1.175
Channel Islands,2016,1.536
Channel Islands,2017,1.514
Channel Islands,2018,1.472
Channel Islands,2019,1.586
Channel Islands,2020,2.017
Channel Islands,2021,1.063
Channel Islands,2022,2.442
Chile,2010,-0.015
Chile,2011,0.206
Chile,2012,0.699
Chile,2013,0.434
Chile,2014,0.488
Chile,2015,0.848
Chile,2016,1.022
Chile,2017,0.873
Chile,2018,0.538
Chile,2019,0.683
Chile,2020,0.947
Chile,2021,0.877
Chile,2022,0.407
China,2010,0.966
China,2011,0.789
China,2012,0.625
China,2013,1.072
China,2014,1.061
China,2015,1.295
China,2016,1.318
China,2017,1.572
China,2018,1.36
China,2019,1.422
China,2020,1.62
China,2021,1.702
China,2022,1.904
"China, Hong Kong SAR",2010,0.367
"China, Hong Kong SAR",2011,0.333
"China, Hong Kong SAR",2012,0.53
"China, Hong Kong SAR",2013,0.763
"China, Hong Kong SAR",2014,0.703
"China, Hong Kong SAR",2015,1.175
"China, Hong Kong SAR",2016,0.77
"China, Hong Kong SAR",2017,1.338
"China, Hong Kong SAR",2018,1.183
"China, Hong Kong SAR",2019,1.776
"China, Hong Kong SAR",2020,1.882
"China, Hong Kong SAR",2021,2.017
"China, Hong Kong SAR",2022,1.432
"China, Macao SAR",2010,0.367
"China, Macao SAR",2011,0.333
"China, Macao SAR",2012,0.53
"China, Macao SAR",2013,0.763
"China, Macao SAR",2014,0.703
"China, Macao SAR",2015,1.175
"China, Macao SAR",2016,0.77
"China, Macao SAR",2017,1.338
"China, Macao SAR",2018,1.183
"China, Macao SAR",2019,1.776
"China, Macao SAR",2020,1.882
"China, Macao SAR",2021,2.017
"China, Macao SAR",2022,1.432
"China, mainland",2010,0.968
"China, mainland",2011,0.792
"China, mainland",2012,0.626
"China, mainland",2013,1.073
"China, mainland",2014,1.062
"China, mainland",2015,1.297
"China, mainland",2016,1.319
"China, mainland",2017,1.573
"China, mainland",2018,1.361
"China, mainland",2019,1.422
"China, mainland",2020,1.62
"China, mainland",2021,1.701
"China, mainland",2022,1.906
"China, Taiwan Province of",2010,0.535
"China, Taiwan Province of",2011,0.086
"China, Taiwan Province of",2012,0.376
"China, Taiwan Province of",2013,0.685
"China, Taiwan Province of",2014,0.704
"China, Taiwan Province of",2015,0.718
"China, Taiwan Province of",2016,1.01
"China, Taiwan Province of",2017,1.351
"China, Taiwan Province of",2018,1.108
"China, Taiwan Province of",2019,1.304
"China, Taiwan Province of",2020,1.728
"China, Taiwan Province of",2021,1.898
"China, Taiwan Province of",2022,1.383
Christmas Island,2010,
Christmas Island,2011,-0.104
Christmas Island,2012,0.211
Christmas Island,2013,0.704
Christmas Island,2014,0.624
Christmas Island,2015,0.679
Christmas Island,2016,
Christmas Island,2017,0.751
Christmas Island,2018,0.366
Christmas Island,2019,0.755
Christmas Island,2020,1.288
Christmas Island,2021,0.889
Christmas Island,2022,0.818
Cocos (Keeling) Islands,2010,0.77
Cocos (Keeling) Islands,2011,0.491
Cocos (Keeling) Islands,2012,0.674
Cocos (Keeling) Islands,2013,0.748
Cocos (Keeling) Islands,2014,0.733
Cocos (Keeling) Islands,2015,0.803
Cocos (Keeling) Islands,2016,0.907
Cocos (Keeling) Islands,2017,0.303
Cocos (Keeling) Islands,2018,0.399
Cocos (Keeling) Islands,2019,0.52
Cocos (Keeling) Islands,2020,1.016
Cocos (Keeling) Islands,2021,0.67
Cocos (Keeling) Islands,2022,0.691
Colombia,2010,1.037
Colombia,2011,0.467
Colombia,2012,0.668
Colombia,2013,0.834
Colombia,2014,0.854
Colombia,2015,1.249
Colombia,2016,1.08
Colombia,2017,0.82
Colombia,2018,1.137
Colombia,2019,1.397
Colombia,2020,1.583
Colombia,2021,1.073
Colombia,2022,0.874
Comoros,2010,0.88
Comoros,2011,0.516
Comoros,2012,0.479
Comoros,2013,0.415
Comoros,2014,0.509
Comoros,2015,0.725
Comoros,2016,0.7
Comoros,2017,0.95
Comoros,2018,0.705
Comoros,2019,1.296
Comoros,2020,1.03
Comoros,2021,0.65
Comoros,2022,0.521
Congo,2010,1.255
Congo,2011,0.651
Congo,2012,0.667
Congo,2013,0.811
Congo,2014,0.744
Congo,2015,1.075
Congo,2016,1.479
Congo,2017,1.159
Congo,2018,1.245
Congo,2019,1.411
Congo,2020,1.5
Congo,2021,1.355
Congo,2022,1.245
Cook Islands,2010,0.604
Cook Islands,2011,0.548
Cook Islands,2012,0.258
Cook Islands,2013,0.455
Cook Islands,2014,0.158
Cook Islands,2015,-0.43
Cook Islands,2016,0.31
Cook Islands,2017,0.675
Cook Islands,2018,0.238
Cook Islands,2019,0.22
Cook Islands,2020,0.274
Cook Islands,2021,0.568
Cook Islands,2022,0.479
Costa Rica,2010,0.989
Costa Rica,2011,0.564
Costa Rica,2012,
Costa Rica,2013,
Costa Rica,2014,
Costa Rica,2015,
Costa Rica,2016,
Costa Rica,2017,
Costa Rica,2018,
Costa Rica,2019,
Costa Rica,2020,
Costa Rica,2021,
Costa Rica,2022,
Côte d'Ivoire,2010,1.298
Côte d'Ivoire,2011,1.013
Côte d'Ivoire,2012,0.695
Côte d'Ivoire,2013,0.965
Côte d'Ivoire,2014,0.846
Côte d'Ivoire,2015,1.26
Côte d'Ivoire,2016,1.383
Côte d'Ivoire,2017,1.468
Côte d'Ivoire,2018,1.282
Côte d'Ivoire,2019,1.333
Côte d'Ivoire,2020,1.334
Côte d'Ivoire,2021,1.435
Côte d'Ivoire,2022,1.169
Croatia,2010,0.821
Croatia,2011,1.22
Croatia,2012,1.809
Croatia,2013,1.232
Croatia,2014,2.004
Croatia,2015,1.895
Croatia,2016,1.807
Croatia,2017,1.523
Croatia,2018,2.282
Croatia,2019,2.082
Croatia,2020,1.989
Croatia,2021,1.582
Croatia,2022,2.209
Cuba,2010,0.957
Cuba,2011,0.538
Cuba,2012,0.611
Cuba,2013,0.885
Cuba,2014,1.144
Cuba,2015,1.439
Cuba,2016,1.37
Cuba,2017,1.275
Cuba,2018,1.177
Cuba,2019,1.634
Cuba,2020,1.722
Cuba,2021,1.304
Cuba,2022,1.437
Cyprus,2010,2.03
Cyprus,2011,0.715
Cyprus,2012,0.97
Cyprus,2013,1.238
Cyprus,2014,1.048
Cyprus,2015,1.139
Cyprus,2016,1.493
Cyprus,2017,0.776
Cyprus,2018,2.119
Cyprus,2019,1.524
Cyprus,2020,1.668
Cyprus,2021,1.994
Cyprus,2022,1.237
Czechia,2010,0.425
Czechia,2011,1.054
Czechia,2012,1.596
Czechia,2013,0.797
Czechia,2014,2.527
Czechia,2015,2.141
Czechia,2016,2.1
Czechia,2017,1.616
Czechia,2018,2.672
Czechia,2019,2.561
Czechia,2020,2.361
Czechia,2021,1.321
Czechia,2022,2.394
Democratic People's Republic of Korea,2010,0.384
Democratic People's Republic of Korea,2011,0.523
Democratic People's Republic of Korea,2012,0.419
Democratic People's Republic of Korea,2013,0.304
Democratic People's Republic of Korea,2014,1.518
Democratic People's Republic of Korea,2015,1.217
Democratic People's Republic of Korea,2016,1.419
Democratic People's Republic of Korea,2017,1.593
Democratic People's Republic of Korea,2018,0.863
Democratic People's Republic of Korea,2019,1.826
Democratic People's Republic of Korea,2020,1.864
Democratic People's Republic of Korea,2021,1.857
Democratic People's Republic of Korea,2022,1.61
Democratic Republic of the Congo,2010,1.347
Democratic Republic of the Congo,2011,0.844
Democratic Republic of the Congo,2012,0.523
Democratic Republic of the Congo,2013,1.003
Democratic Republic of the Congo,2014,0.976
Democratic Republic of the Congo,2015,1.053
Democratic Republic of the Congo,2016,1.546
Democratic Republic of the Congo,2017,1.32
Democratic Republic of the Congo,2018,1.45
Democratic Republic of the Congo,2019,1.483
Democratic Republic of the Congo,2020,1.692
Democratic Republic of the Congo,2021,1.658
Democratic Republic of the Congo,2022,1.48
Denmark,2010,-0.199
Denmark,2011,0.677
Denmark,2012,1.139
Denmark,2013,0.397
Denmark,2014,2.677
Denmark,2015,1.516
Denmark,2016,1.852
Denmark,2017,1.619
Denmark,2018,2.109
Denmark,2019,2.18
Denmark,2020,2.633
Denmark,2021,1.69
Denmark,2022,2.219
Djibouti,2010,1.037
Djibouti,2011,0.902
Djibouti,2012,
Djibouti,2013,1.23
Djibouti,2014,1.093
Djibouti,2015,1.586
Djibouti,2016,1.349
Djibouti,2017,1.811
Djibouti,2018,1.421
Djibouti,2019,1.465
Djibouti,2020,1.533
Djibouti,2021,1.129
Djibouti,2022,1.547
Dominica,2010,1.193
Dominica,2011,0.591
Dominica,2012,0.703
Dominica,2013,0.715
Dominica,2014,0.704
Dominica,2015,0.918
Dominica,2016,1.057
Dominica,2017,0.821
Dominica,2018,0.561
Dominica,2019,0.752
Dominica,2020,1.087
Dominica,2021,0.727
Dominica,2022,0.688
Dominican Republic,2010,1.222
Dominican Republic,2011,0.543
Dominican Republic,2012,0.746
Dominican Republic,2013,1.208
Dominican Republic,2014,1.106
Dominican Republic,2015,1.339
Dominican Republic,2016,1.016
Dominican Republic,2017,1.032
Dominican Republic,2018,1.158
Dominican Republic,2019,1.266
Dominican Republic,2020,1.488
Dominican Republic,2021,0.995
Dominican Republic,2022,0.982
Ecuador,2010,1.087
Ecuador,2011,0.783
Ecuador,2012,0.663
Ecuador,2013,0.491
Ecuador,2014,1.011
Ecuador,2015,1.393
Ecuador,2016,1.55
Ecuador,2017,1.155
Ecuador,2018,0.967
Ecuador,2019,1.279
Ecuador,2020,1.509
Ecuador,2021,1.032
Ecuador,2022,0.736
Egypt,2010,2.325
Egypt,2011,0.629
Egypt,2012,0.939
Egypt,2013,1.049
Egypt,2014,1.254
Egypt,2015,1.211
Egypt,2016,1.396
Egypt,2017,0.616
Egypt,2018,2.049
Egypt,2019,1.04
Egypt,2020,1.117
Egypt,2021,1.727
Egypt,2022,0.655
El Salvador,2010,0.496
El Salvador,2011,0.508
El Salvador,2012,0.634
El Salvador,2013,0.619
El Salvador,2014,0.654
El Salvador,2015,1.285
El Salvador,2016,1.26
El Salvador,2017,0.723
El Salvador,2018,0.774
El Salvador,2019,0.972
El Salvador,2020,1.484
El Salvador,2021,0.999
El Salvador,2022,0.658
Equatorial Guinea,2010,0.979
Equatorial Guinea,2011,0.677
Equatorial Guinea,2012,0.583
Equatorial Guinea,2013,0.769
Equatorial Guinea,2014,0.856
Equatorial Guinea,2015,0.849
Equatorial Guinea,2016,1.462
Equatorial Guinea,2017,1.308
Equatorial Guinea,2018,0.839
Equatorial Guinea,2019,1.602
Equatorial Guinea,2020,1.479
Equatorial Guinea,2021,1.195
Equatorial Guinea,2022,1.247
Eritrea,2010,1.644
Eritrea,2011,1.478
Eritrea,2012,1.476
Eritrea,2013,1.186
Eritrea,2014,0.985
Eritrea,2015,1.814
Eritrea,2016,0.99
Eritrea,2017,1.309
Eritrea,2018,0.976
Eritrea,2019,0.907
Eritrea,2020,
Eritrea,2021,1.49
Eritrea,2022,0.53
Estonia,2010,0.554
Estonia,2011,1.299
Estonia,2012,1.47
Estonia,2013,1.183
Estonia,2014,2.447
Estonia,2015,2.377
Estonia,2016,1.936
Estonia,2017,1.502
Estonia,2018,2.413
Estonia,2019,2.218
Estonia,2020,3.625
Estonia,2021,2.167
Estonia,2022,1.961
Eswatini,2010,1.287
Eswatini,2011,0.897
Eswatini,2012,0.696
Eswatini,2013,0.566
Eswatini,2014,0.781
Eswatini,2015,1.235
Eswatini,2016,1.216
Eswatini,2017,0.688
Eswatini,2018,1.064
Eswatini,2019,1.623
Eswatini,2020,0.77
Eswatini,2021,0.669
Eswatini,2022,1.371
Ethiopia,2010,1.276
Ethiopia,2011,1.174
Ethiopia,2012,1.104
Ethiopia,2013,1.229
Ethiopia,2014,1.187
Ethiopia,2015,1.442
Ethiopia,2016,1.532
Ethiopia,2017,1.496
Ethiopia,2018,0.986
Ethiopia,2019,1.32
Ethiopia,2020,1.343
Ethiopia,2021,1.516
Ethiopia,2022,1.455
Falkland Islands (Malvinas),2010,
Falkland Islands (Malvinas),2011,
Falkland Islands (Malvinas),2012,
Falkland Islands (Malvinas),2013,
Falkland Islands (Malvinas),2014,
Falkland Islands (Malvinas),2015,
Falkland Islands (Malvinas),2016,
Falkland Islands (Malvinas),2017,
Falkland Islands (Malvinas),2018,
Falkland Islands (Malvinas),2019,
Falkland Islands (Malvinas),2020,
Falkland Islands (Malvinas),2021,
Falkland Islands (Malvinas),2022,
Faroe Islands,2010,0.26
Faroe Islands,2011,1.055
Faroe Islands,2012,0.359
Faroe Islands,2013,0.597
Faroe Islands,2014,1.764
Faroe Islands,2015,0.813
Faroe Islands,2016,0.803
Faroe Islands,2017,1.49
Faroe Islands,2018,0.831
Faroe Islands,2019,0.877
Faroe Islands,2020,0.839
Faroe Islands,2021,1.012
Faroe Islands,2022,1.396
Fiji,2010,0.978
Fiji,2011,0.898
Fiji,2012,0.589
Fiji,2013,0.916
Fiji,2014,0.646
Fiji,2015,0.517
Fiji,2016,0.97
Fiji,2017,1.127
Fiji,2018,0.953
Fiji,2019,1.065
Fiji,2020,1.237
Fiji,2021,1.075
Fiji,2022,1.346
Finland,2010,0.242
Finland,2011,1.354
Finland,2012,1.54
Finland,2013,1.424
Finland,2014,2.591
Finland,2015,2.613
Finland,2016,2.151
Finland,2017,1.487
Finland,2018,2.157
Finland,2019,1.452
Finland,2020,3.317
Finland,2021,1.938
Finland,2022,2.062
France,2010,0.395
France,2011,1.534
France,2012,1.22
France,2013,0.714
France,2014,2.049
France,2015,1.612
France,2016,1.794
France,2017,1.796
France,2018,2.06
France,2019,2.023
France,2020,2.551
France,2021,1.337
France,2022,2.929
French Guiana,2010,1.447
French Guiana,2011,1.02
French Guiana,2012,0.955
French Guiana,2013,1.089
French Guiana,2014,1.095
French Guiana,2015,1.303
French Guiana,2016,1.705
French Guiana,2017,1.432
French Guiana,2018,1.171
French Guiana,2019,1.488
French Guiana,2020,1.598
French Guiana,2021,1.289
French Guiana,2022,1.147
French Polynesia,2010,0.76
French Polynesia,2011,0.214
French Polynesia,2012,0.722
French Polynesia,2013,0.536
French Polynesia,2014,0.616
French Polynesia,2015,0.681
French Polynesia,2016,1.127
French Polynesia,2017,0.901
French Polynesia,2018,0.631
French Polynesia,2019,0.857
French Polynesia,2020,0.829
French Polynesia,2021,0.791
French Polynesia,2022,0.359
French Southern Territories,2010,0.196
French Southern Territories,2011,0.178
French Southern Territories,2012,0.616
French Southern Territories,2013,0.075
French Southern Territories,2014,-0.347
French Southern Territories,2015,0.439
French Southern Territories,2016,0.742
French Southern Territories,2017,0.74
French Southern Territories,2018,0.654
French Southern Territories,2019,0.548
French Southern Territories,2020,0.231
French Southern Territories,2021,0.494
French Southern Territories,2022,0.532
Gabon,2010,1.08
Gabon,2011,0.657
Gabon,2012,0.615
Gabon,2013,0.794
Gabon,2014,0.805
Gabon,2015,1.024
Gabon,2016,1.505
Gabon,2017,1.353
Gabon,2018,1.026
Gabon,2019,1.534
Gabon,2020,1.377
Gabon,2021,1.063
Gabon,2022,0.994
Gambia,2010,1.324
Gambia,2011,1.06
Gambia,2012,0.89
Gambia,2013,1.001
Gambia,2014,1.188
Gambia,2015,1.2
Gambia,2016,1.635
Gambia,2017,1.741
Gambia,2018,1.028
Gambia,2019,1.349
Gambia,2020,1.77
Gambia,2021,1.675
Gambia,2022,1.323
Georgia,2010,2.486
Georgia,2011,0.432
Georgia,2012,1.22
Georgia,2013,1.401
Georgia,2014,1.277
Georgia,2015,1.78
Georgia,2016,1.365
Georgia,2017,0.809
Georgia,2018,2.51
Georgia,2019,1.753
Georgia,2020,2.006
Georgia,2021,1.65
Georgia,2022,1.51
Germany,2010,0.196
Germany,2011,1.121
Germany,2012,1.349
Germany,2013,0.583
Germany,2014,2.519
Germany,2015,1.674
Germany,2016,1.988
Germany,2017,1.653
Germany,2018,2.393
Germany,2019,2.332
Germany,2020,2.516
Germany,2021,1.325
Germany,2022,2.596
Ghana,2010,1.276
Ghana,2011,0.883
Ghana,2012,0.614
Ghana,2013,0.841
Ghana,2014,0.887
Ghana,2015,1.132
Ghana,2016,1.217
Ghana,2017,1.292
Ghana,2018,1.081
Ghana,2019,1.32
Ghana,2020,1.284
Ghana,2021,1.494
Ghana,2022,0.996
Gibraltar,2010,1.318
Gibraltar,2011,1.618
Gibraltar,2012,0.924
Gibraltar,2013,0.869
Gibraltar,2014,1.417
Gibraltar,2015,1.382
Gibraltar,2016,1.726
Gibraltar,2017,2.005
Gibraltar,2018,0.739
Gibraltar,2019,1.3
Gibraltar,2020,1.923
Gibraltar,2021,1.504
Gibraltar,2022,2.228
Greece,2010,1.584
Greece,2011,0.394
Greece,2012,1.235
Greece,2013,1.317
Greece,2014,1.06
Greece,2015,0.904
Greece,2016,1.561
Greece,2017,0.642
Greece,2018,1.905
Greece,2019,1.381
Greece,2020,1.307
Greece,2021,1.655
Greece,2022,1.04
Greenland,2010,3.058
Greenland,2011,1.684
Greenland,2012,1.625
Greenland,2013,1.381
Greenland,2014,1.447
Greenland,2015,0.205
Greenland,2016,2.381
Greenland,2017,1.21
Greenland,2018,0.934
Greenland,2019,2.206
Greenland,2020,1.274
Greenland,2021,2.482
Greenland,2022,1.413
Grenada,2010,1.201
Grenada,2011,0.677
Grenada,2012,0.584
Grenada,2013,0.776
Grenada,2014,0.641
Grenada,2015,0.837
Grenada,2016,0.945
Grenada,2017,0.92
Grenada,2018,0.543
Grenada,2019,1.169
Grenada,2020,1.235
Grenada,2021,0.767
Grenada,2022,0.698
Guadeloupe,2010,1.137
Guadeloupe,2011,0.539
Guadeloupe,2012,0.671
Guadeloupe,2013,0.75
Guadeloupe,2014,0.763
Guadeloupe,2015,0.998
Guadeloupe,2016,1.095
Guadeloupe,2017,0.907
Guadeloupe,2018,0.62
Guadeloupe,2019,0.803
Guadeloupe,2020,1.16
Guadeloupe,2021,0.826
Guadeloupe,2022,0.773
Guatemala,2010,0.685
Guatemala,2011,0.429
Guatemala,2012,0.52
Guatemala,2013,0.624
Guatemala,2014,0.638
Guatemala,2015,1.143
Guatemala,2016,1.425
Guatemala,2017,1.069
Guatemala,2018,0.884
Guatemala,2019,1.418
Guatemala,2020,1.728
Guatemala,2021,1.406
Guatemala,2022,0.916
Guinea,2010,1.321
Guinea,2011,1.095
Guinea,2012,0.556
Guinea,2013,1.068
Guinea,2014,0.857
Guinea,2015,1.155
Guinea,2016,1.167
Guinea,2017,1.522
Guinea,2018,1.188
Guinea,2019,1.408
Guinea,2020,1.26
Guinea,2021,1.559
Guinea,2022,1.195
Guinea-Bissau,2010,1.328
Guinea-Bissau,2011,1.092
Guinea-Bissau,2012,0.795
Guinea-Bissau,2013,1.055
Guinea-Bissau,2014,1.168
Guinea-Bissau,2015,1.192
Guinea-Bissau,2016,1.572
Guinea-Bissau,2017,1.674
Guinea-Bissau,2018,1.125
Guinea-Bissau,2019,1.419
Guinea-Bissau,2020,1.663
Guinea-Bissau,2021,1.66
Guinea-Bissau,2022,1.295
Guyana,2010,1.115
Guyana,2011,0.968
Guyana,2012,0.958
Guyana,2013,0.894
Guyana,2014,1.071
Guyana,2015,1.352
Guyana,2016,1.506
Guyana,2017,1.149
Guyana,2018,1.137
Guyana,2019,1.178
Guyana,2020,1.4
Guyana,2021,0.875
Guyana,2022,1.066
Haiti,2010,1.206
Haiti,2011,0.489
Haiti,2012,0.759
Haiti,2013,1.133
Haiti,2014,1.306
Haiti,2015,1.384
Haiti,2016,1.164
Haiti,2017,1.061
Haiti,2018,1.277
Haiti,2019,1.507
Haiti,2020,1.537
Haiti,2021,0.883
Haiti,2022,1.095
Holy See,2010,0.774
Holy See,2011,1.047
Holy See,2012,1.492
Holy See,2013,0.866
Holy See,2014,1.37
Holy See,2015,1.518
Holy See,2016,1.598
Holy See,2017,1.318
Holy See,2018,1.837
Holy See,2019,1.591
Holy See,2020,1.734
Holy See,2021,1.546
Holy See,2022,2.028
Honduras,2010,0.806
Honduras,2011,0.73
Honduras,2012,0.639
Honduras,2013,0.915
Honduras,2014,0.666
Honduras,2015,1.126
Honduras,2016,1.368
Honduras,2017,1.034
Honduras,2018,0.804
Honduras,2019,1.233
Honduras,2020,1.813
Honduras,2021,1.098
Honduras,2022,0.723
Hungary,2010,0.806
Hungary,2011,0.891
Hungary,2012,1.727
Hungary,2013,1.159
Hungary,2014,2.229
Hungary,2015,2.067
Hungary,2016,1.89
Hungary,2017,1.336
Hungary,2018,2.524
Hungary,2019,2.353
Hungary,2020,1.99
Hungary,2021,1.43
Hungary,2022,2.142
Iceland,2010,1.147
Iceland,2011,0.959
Iceland,2012,0.667
Iceland,2013,0.687
Iceland,2014,1.66
Iceland,2015,0.419
Iceland,2016,1.411
Iceland,2017,1.694
Iceland,2018,0.82
Iceland,2019,1.339
Iceland,2020,0.786
Iceland,2021,0.921
Iceland,2022,1.201
India,2010,1.129
India,2011,0.365
India,2012,0.516
India,2013,0.451
India,2014,0.53
India,2015,0.711
India,2016,1.088
India,2017,0.966
India,2018,0.874
India,2019,0.802
India,2020,0.52
India,2021,0.733
India,2022,0.79
Indonesia,2010,0.766
Indonesia,2011,0.306
Indonesia,2012,0.459
Indonesia,2013,0.799
Indonesia,2014,0.812
Indonesia,2015,0.841
Indonesia,2016,1.488
Indonesia,2017,1.055
Indonesia,2018,0.973
Indonesia,2019,1.118
Indonesia,2020,1.322
Indonesia,2021,1.11
Indonesia,2022,1.085
Iran (Islamic Republic of),2010,2.214
Iran (Islamic Republic of),2011,1.345
Iran (Islamic Republic of),2012,1.09
Iran (Islamic Republic of),2013,1.642
Iran (Islamic Republic of),2014,1.079
Iran (Islamic Republic of),2015,1.856
Iran (Islamic Republic of),2016,1.669
Iran (Islamic Republic of),2017,1.737
Iran (Islamic Republic of),2018,2.044
Iran (Islamic Republic of),2019,1.597
Iran (Islamic Republic of),2020,1.346
Iran (Islamic Republic of),2021,2.176
Iran (Islamic Republic of),2022,2.37
Iraq,2010,2.712
Iraq,2011,0.91
Iraq,2012,1.293
Iraq,2013,1.263
Iraq,2014,1.175
Iraq,2015,1.94
Iraq,2016,1.672
Iraq,2017,1.572
Iraq,2018,2.406
Iraq,2019,1.626
Iraq,2020,1.857
Iraq,2021,2.644
Iraq,2022,2.147
Ireland,2010,-0.104
Ireland,2011,0.559
Ireland,2012,0.705
Ireland,2013,0.568
Ireland,2014,1.357
Ireland,2015,0.449
Ireland,2016,1.04
Ireland,2017,1.264
Ireland,2018,0.783
Ireland,2019,1.201
Ireland,2020,1.075
Ireland,2021,1.019
Ireland,2022,1.764
Isle of Man,2010,-0.111
Isle of Man,2011,0.681
Isle of Man,2012,0.61
Isle of Man,2013,0.428
Isle of Man,2014,1.515
Isle of Man,2015,0.441
Isle of Man,2016,1.118
Isle of Man,2017,1.367
Isle of Man,2018,0.881
Isle of Man,2019,1.175
Isle of Man,2020,1.199
Isle of Man,2021,1.02
Isle of Man,2022,1.84
Israel,2010,2.321
Israel,2011,0.578
Israel,2012,1.035
Israel,2013,1.108
Israel,2014,0.871
Israel,2015,1.331
Israel,2016,1.607
Israel,2017,0.735
Israel,2018,2.003
Israel,2019,1.212
Israel,2020,1.451
Israel,2021,1.786
Israel,2022,1.079
Italy,2010,0.755
Italy,2011,1.253
Italy,2012,1.543
Italy,2013,1.006
Italy,2014,1.638
Italy,2015,1.704
Italy,2016,1.716
Italy,2017,1.606
Italy,2018,1.834
Italy,2019,1.698
Italy,2020,1.902
Italy,2021,1.569
Italy,2022,2.135
Jamaica,2010,1.183
Jamaica,2011,0.578
Jamaica,2012,0.719
Jamaica,2013,0.988
Jamaica,2014,1.212
Jamaica,2015,1.401
Jamaica,2016,1.395
Jamaica,2017,1.076
Jamaica,2018,1.249
Jamaica,2019,1.524
Jamaica,2020,1.623
Jamaica,2021,1.267
Jamaica,2022,1.14
Japan,2010,0.922
Japan,2011,0.596
Japan,2012,0.395
Japan,2013,0.628
Japan,2014,0.56
Japan,2015,0.833
Japan,2016,1.323
Japan,2017,0.796
Japan,2018,0.926
Japan,2019,1.272
Japan,2020,1.437
Japan,2021,1.27
Japan,2022,1.335
Jordan,2010,2.625
Jordan,2011,0.506
Jordan,2012,1.067
Jordan,2013,1.002
Jordan,2014,0.787
Jordan,2015,1.429
Jordan,2016,1.641
Jordan,2017,0.92
Jordan,2018,1.972
Jordan,2019,1.281
Jordan,2020,1.617
Jordan,2021,1.923
Jordan,2022,1.358
Kazakhstan,2010,1.306
Kazakhstan,2011,0.746
Kazakhstan,2012,1.151
Kazakhstan,2013,1.621
Kazakhstan,2014,0.673
Kazakhstan,2015,1.609
Kazakhstan,2016,2.24
Kazakhstan,2017,1.757
Kazakhstan,2018,0.641
Kazakhstan,2019,1.487
Kazakhstan,2020,2.853
Kazakhstan,2021,1.465
Kazakhstan,2022,2.712
Kenya,2010,1.106
Kenya,2011,1.137
Kenya,2012,1.026
Kenya,2013,0.93
Kenya,2014,1.024
Kenya,2015,1.164
Kenya,2016,1.237
Kenya,2017,1.5
Kenya,2018,0.675
Kenya,2019,1.624
Kenya,2020,1.344
Kenya,2021,1.421
Kenya,2022,1.28
Kiribati,2010,0.312
Kiribati,2011,0.328
Kiribati,2012,0.428
Kiribati,2013,0.628
Kiribati,2014,0.768
Kiribati,2015,0.902
Kiribati,2016,1.229
Kiribati,2017,1.041
Kiribati,2018,0.947
Kiribati,2019,0.949
Kiribati,2020,1.425
Kiribati,2021,
Kiribati,2022,
Kuwait,2010,2.602
Kuwait,2011,1.373
Kuwait,2012,1.562
Kuwait,2013,1.349
Kuwait,2014,1.451
Kuwait,2015,2.104
Kuwait,2016,1.695
Kuwait,2017,1.962
Kuwait,2018,2.358
Kuwait,2019,1.895
Kuwait,2020,1.975
Kuwait,2021,2.676
Kuwait,2022,2.275
Kyrgyzstan,2010,1.402
Kyrgyzstan,2011,1.27
Kyrgyzstan,2012,0.353
Kyrgyzstan,2013,1.428
Kyrgyzstan,2014,0.541
Kyrgyzstan,2015,1.546
Kyrgyzstan,2016,1.898
Kyrgyzstan,2017,1.478
Kyrgyzstan,2018,1.28
Kyrgyzstan,2019,1.679
Kyrgyzstan,2020,1.427
Kyrgyzstan,2021,1.417
Kyrgyzstan,2022,2.619
Lao People's Democratic Republic,2010,1.431
Lao People's Democratic Republic,2011,0.214
Lao People's Democratic Republic,2012,1.048
Lao People's Democratic Republic,2013,1.22
Lao People's Democratic Republic,2014,0.837
Lao People's Democratic Republic,2015,1.497
Lao People's Democratic Republic,2016,1.519
Lao People's Democratic Republic,2017,1.243
Lao People's Democratic Republic,2018,0.955
Lao People's Democratic Republic,2019,2.2
Lao People's Democratic Republic,2020,1.719
Lao People's Democratic Republic,2021,1.287
Lao People's Democratic Republic,2022,1.112
Latvia,2010,0.704
Latvia,2011,1.151
Latvia,2012,1.408
Latvia,2013,1.082
Latvia,2014,2.33
Latvia,2015,2.166
Latvia,2016,1.946
Latvia,2017,1.503
Latvia,2018,2.36
Latvia,2019,2.462
Latvia,2020,3.55
Latvia,2021,1.987
Latvia,2022,1.953
Lebanon,2010,2.353
Lebanon,2011,0.663
Lebanon,2012,1.045
Lebanon,2013,1.26
Lebanon,2014,1.051
Lebanon,2015,1.383
Lebanon,2016,1.629
Lebanon,2017,1.023
Lebanon,2018,2.154
Lebanon,2019,1.412
Lebanon,2020,1.623
Lebanon,2021,2.039
Lebanon,2022,1.29
Lesotho,2010,1.025
Lesotho,2011,0.331
Lesotho,2012,0.66
Lesotho,2013,0.867
Lesotho,2014,1.091
Lesotho,2015,1.529
Lesotho,2016,2.015
Lesotho,2017,1.215
Lesotho,2018,1.101
Lesotho,2019,1.668
Lesotho,2020,0.791
Lesotho,2021,1.204
Lesotho,2022,1.372
Liberia,2010,1.42
Liberia,2011,1.102
Liberia,2012,0.869
Liberia,2013,0.983
Liberia,2014,0.934
Liberia,2015,1.288
Liberia,2016,1.412
Liberia,2017,1.539
Liberia,2018,1.306
Liberia,2019,1.494
Liberia,2020,1.593
Liberia,2021,1.474
Liberia,2022,1.556
Libya,2010,2.074
Libya,2011,0.819
Libya,2012,0.77
Libya,2013,1.24
Libya,2014,1.237
Libya,2015,0.711
Libya,2016,1.587
Libya,2017,0.525
Libya,2018,1.737
Libya,2019,0.92
Libya,2020,1.174
Libya,2021,1.924
Libya,2022,0.559
Liechtenstein,2010,0.48
Liechtenstein,2011,1.657
Liechtenstein,2012,1.611
Liechtenstein,2013,0.927
Liechtenstein,2014,2.232
Liechtenstein,2015,2.046
Liechtenstein,2016,2.028
Liechtenstein,2017,1.795
Liechtenstein,2018,2.26
Liechtenstein,2019,2.079
Liechtenstein,2020,2.367
Liechtenstein,2021,1.232
Liechtenstein,2022,2.534
Lithuania,2010,0.766
Lithuania,2011,0.957
Lithuania,2012,1.37
Lithuania,2013,0.967
Lithuania,2014,2.238
Lithuania,2015,2.095
Lithuania,2016,1.944
Lithuania,2017,1.542
Lithuania,2018,2.427
Lithuania,2019,2.642
Lithuania,2020,3.445
Lithuania,2021,1.792
Lithuania,2022,1.96
Luxembourg,2010,0.325
Luxembourg,2011,1.343
Luxembourg,2012,1.262
Luxembourg,2013,0.569
Luxembourg,2014,2.475
Luxembourg,2015,1.528
Luxembourg,2016,1.877
Luxembourg,2017,1.647
Luxembourg,2018,2.468
Luxembourg,2019,2.155
Luxembourg,2020,2.632
Luxembourg,2021,1.158
Luxembourg,2022,2.926
Madagascar,2010,1.188
Madagascar,2011,1.132
Madagascar,2012,0.88
Madagascar,2013,0.749
Madagascar,2014,0.777
Madagascar,2015,1.134
Madagascar,2016,1.147
Madagascar,2017,1.379
Madagascar,2018,0.983
Madagascar,2019,1.438
Madagascar,2020,1.137
Madagascar,2021,1.194
Madagascar,2022,0.86
Malawi,2010,1.03
Malawi,2011,0.771
Malawi,2012,0.925
Malawi,2013,0.676
Malawi,2014,1.129
Malawi,2015,1.141
Malawi,2016,1.361
Malawi,2017,1.016
Malawi,2018,1.022
Malawi,2019,1.22
Malawi,2020,1.306
Malawi,2021,0.762
Malawi,2022,0.816
Malaysia,2010,1.111
Malaysia,2011,0.754
Malaysia,2012,0.901
Malaysia,2013,1.121
Malaysia,2014,1.199
Malaysia,2015,1.372
Malaysia,2016,1.836
Malaysia,2017,1.419
Malaysia,2018,1.443
Malaysia,2019,1.7
Malaysia,2020,1.688
Malaysia,2021,1.473
Malaysia,2022,1.367
Maldives,2010,0.683
Maldives,2011,0.561
Maldives,2012,0.573
Maldives,2013,0.662
Maldives,2014,0.766
Maldives,2015,0.982
Maldives,2016,1.555
Maldives,2017,1.126
Maldives,2018,0.84
Maldives,2019,1.131
Maldives,2020,1.17
Maldives,2021,1.122
Maldives,2022,0.784
Mali,2010,1.63
Mali,2011,1.207
Mali,2012,0.426
Mali,2013,0.969
Mali,2014,0.787
Mali,2015,1.017
Mali,2016,1.089
Mali,2017,1.347
Mali,2018,1.04
Mali,2019,1.089
Mali,2020,1.01
Mali,2021,1.687
Mali,2022,0.887
Malta,2010,1.243
Malta,2011,1.013
Malta,2012,1.44
Malta,2013,1.343
Malta,2014,1.507
Malta,2015,1.403
Malta,2016,1.748
Malta,2017,1.224
Malta,2018,1.441
Malta,2019,1.29
Malta,2020,1.643
Malta,2021,2.123
Malta,2022,1.955
Marshall Islands,2010,0.345
Marshall Islands,2011,0.155
Marshall Islands,2012,0.539
Marshall Islands,2013,0.544
Marshall Islands,2014,0.564
Marshall Islands,2015,0.464
Marshall Islands,2016,0.783
Marshall Islands,2017,0.569
Marshall Islands,2018,0.354
Marshall Islands,2019,0.562
Marshall Islands,2020,0.672
Marshall Islands,2021,0.384
Marshall Islands,2022,0.007
Martinique,2010,1.177
Martinique,2011,0.596
Martinique,2012,0.699
Martinique,2013,0.714
Martinique,2014,0.674
Martinique,2015,0.892
Martinique,2016,1.034
Martinique,2017,0.8
Martinique,2018,0.54
Martinique,2019,0.752
Martinique,2020,1.092
Martinique,2021,0.716
Martinique,2022,0.684
Mauritania,2010,2.02
Mauritania,2011,1.671
Mauritania,2012,0.942
Mauritania,2013,1.588
Mauritania,2014,1.48
Mauritania,2015,1.563
Mauritania,2016,1.825
Mauritania,2017,2.141
Mauritania,2018,1.086
Mauritania,2019,1.435
Mauritania,2020,1.919
Mauritania,2021,1.855
Mauritania,2022,1.711
Mauritius,2010,1.076
Mauritius,2011,0.865
Mauritius,2012,0.665
Mauritius,2013,0.797
Mauritius,2014,0.905
Mauritius,2015,1.158
Mauritius,2016,1.084
Mauritius,2017,1.319
Mauritius,2018,1.051
Mauritius,2019,1.462
Mauritius,2020,1.109
Mauritius,2021,0.987
Mauritius,2022,0.595
Mayotte,2010,0.947
Mayotte,2011,0.684
Mayotte,2012,0.614
Mayotte,2013,0.49
Mayotte,2014,0.685
Mayotte,2015,0.911
Mayotte,2016,0.815
Mayotte,2017,1.04
Mayotte,2018,0.823
Mayotte,2019,1.383
Mayotte,2020,1.133
Mayotte,2021,0.824
Mayotte,2022,0.678
Mexico,2010,0.306
Mexico,2011,1.026
Mexico,2012,0.948
Mexico,2013,0.798
Mexico,2014,0.911
Mexico,2015,1.141
Mexico,2016,1.346
Mexico,2017,1.629
Mexico,2018,1.24
Mexico,2019,1.378
Mexico,2020,1.726
Mexico,2021,1.163
Mexico,2022,1.249
Micronesia (Federated States of),2010,0.217
Micronesia (Federated States of),2011,0.103
Micronesia (Federated States of),2012,0.473
Micronesia (Federated States of),2013,0.59
Micronesia (Federated States of),2014,0.438
Micronesia (Federated States of),2015,0.486
Micronesia (Federated States of),2016,0.868
Micronesia (Federated States of),2017,0.877
Micronesia (Federated States of),2018,0.727
Micronesia (Federated States of),2019,0.543
Micronesia (Federated States of),2020,0.806
Micronesia (Federated States of),2021,0.598
Micronesia (Federated States of),2022,0.627
Midway Island,2010,0.845
Midway Island,2011,
Midway Island,2012,2.492
Midway Island,2013,1.238
Midway Island,2014,
Midway Island,2015,
Midway Island,2016,
Midway Island,2017,
Midway Island,2018,
Midway Island,2019,
Midway Island,2020,
Midway Island,2021,
Midway Island,2022,
Monaco,2010,0.452
Monaco,2011,1.403
Monaco,2012,1.396
Monaco,2013,0.724
Monaco,2014,1.811
Monaco,2015,1.902
Monaco,2016,1.773
Monaco,2017,1.962
Monaco,2018,1.94
Monaco,2019,1.919
Monaco,2020,2.2
Monaco,2021,1.5
Monaco,2022,2.737
Mongolia,2010,0.306
Mongolia,2011,0.757
Mongolia,2012,0.23
Mongolia,2013,1.024
Mongolia,2014,1.879
Mongolia,2015,2.131
Mongolia,2016,1.391
Mongolia,2017,2.493
Mongolia,2018,2.207
Mongolia,2019,1.847
Mongolia,2020,2.353
Mongolia,2021,1.994
Mongolia,2022,2.197
Montenegro,2010,1.185
Montenegro,2011,0.985
Montenegro,2012,1.653
Montenegro,2013,1.444
Montenegro,2014,1.503
Montenegro,2015,1.702
Montenegro,2016,1.474
Montenegro,2017,1.275
Montenegro,2018,2.232
Montenegro,2019,1.823
Montenegro,2020,1.706
Montenegro,2021,1.596
Montenegro,2022,1.865
Montserrat,2010,1.153
Montserrat,2011,0.586
Montserrat,2012,0.696
Montserrat,2013,0.783
Montserrat,2014,0.744
Montserrat,2015,1.035
Montserrat,2016,1.097
Montserrat,2017,0.958
Montserrat,2018,0.627
Montserrat,2019,0.797
Montserrat,2020,1.131
Montserrat,2021,0.862
Montserrat,2022,0.77
Morocco,2010,2.02
Morocco,2011,1.698
Morocco,2012,1.299
Morocco,2013,1.233
Morocco,2014,1.603
Morocco,2015,1.115
Morocco,2016,1.84
Morocco,2017,2.131
Morocco,2018,0.597
Morocco,2019,1.466
Morocco,2020,2.107
Morocco,2021,1.798
Morocco,2022,2.303
Mozambique,2010,1.105
Mozambique,2011,0.812
Mozambique,2012,0.746
Mozambique,2013,0.479
Mozambique,2014,0.716
Mozambique,2015,1.034
Mozambique,2016,1.262
Mozambique,2017,0.837
Mozambique,2018,0.81
Mozambique,2019,1.209
Mozambique,2020,1.026
Mozambique,2021,0.687
Mozambique,2022,0.834
Myanmar,2010,1.203
Myanmar,2011,0.51
Myanmar,2012,0.915
Myanmar,2013,0.986
Myanmar,2014,0.902
Myanmar,2015,1.245
Myanmar,2016,1.443
Myanmar,2017,1.328
Myanmar,2018,1.064
Myanmar,2019,1.726
Myanmar,2020,1.669
Myanmar,2021,1.656
Myanmar,2022,1.436
Namibia,2010,1.214
Namibia,2011,-0.478
Namibia,2012,-0.128
Namibia,2013,0.759
Namibia,2014,0.439
Namibia,2015,1.215
Namibia,2016,1.473
Namibia,2017,0.818
Namibia,2018,1.11
Namibia,2019,1.821
Namibia,2020,0.601
Namibia,2021,-0.059
Namibia,2022,0.239
Nauru,2010,
Nauru,2011,
Nauru,2012,
Nauru,2013,
Nauru,2014,
Nauru,2015,
Nauru,2016,
Nauru,2017,
Nauru,2018,
Nauru,2019,
Nauru,2020,
Nauru,2021,
Nauru,2022,
Nepal,2010,1.138
Nepal,2011,0.231
Nepal,2012,0.402
Nepal,2013,0.189
Nepal,2014,0.337
Nepal,2015,0.654
Nepal,2016,1.169
Nepal,2017,1.071
Nepal,2018,0.627
Nepal,2019,0.854
Nepal,2020,0.229
Nepal,2021,0.632
Nepal,2022,1.132
Netherlands (Kingdom of the),2010,0.1
Netherlands (Kingdom of the),2011,1.071
Netherlands (Kingdom of the),2012,1.149
Netherlands (Kingdom of the),2013,0.427
Netherlands (Kingdom of the),2014,2.564
Netherlands (Kingdom of the),2015,1.29
Netherlands (Kingdom of the),2016,1.936
Netherlands (Kingdom of the),2017,1.731
Netherlands (Kingdom of the),2018,2.135
Netherlands (Kingdom of the),2019,2.142
Netherlands (Kingdom of the),2020,2.483
Netherlands (Kingdom of the),2021,1.316
Netherlands (Kingdom of the),2022,2.601
Netherlands Antilles (former),2010,1.279
Netherlands Antilles (former),2011,0.497
Netherlands Antilles (former),2012,0.576
Netherlands Antilles (former),2013,0.984
Netherlands Antilles (former),2014,0.943
Netherlands Antilles (former),2015,1.167
Netherlands Antilles (former),2016,1.109
Netherlands Antilles (former),2017,1.14
Netherlands Antilles (former),2018,0.659
Netherlands Antilles (former),2019,0.929
Netherlands Antilles (former),2020,1.201
Netherlands Antilles (former),2021,0.792
Netherlands Antilles (former),2022,0.625
New Caledonia,2010,1.254
New Caledonia,2011,1.022
New Caledonia,2012,0.87
New Caledonia,2013,1.026
New Caledonia,2014,1.005
New Caledonia,2015,1.215
New Caledonia,2016,2.026
New Caledonia,2017,1.768
New Caledonia,2018,1.384
New Caledonia,2019,1.303
New Caledonia,2020,1.764
New Caledonia,2021,1.689
New Caledonia,2022,2.421
New Zealand,2010,0.598
New Zealand,2011,0.673
New Zealand,2012,0.125
New Zealand,2013,0.999
New Zealand,2014,0.544
New Zealand,2015,0.568
New Zealand,2016,1.214
New Zealand,2017,0.627
New Zealand,2018,1.173
New Zealand,2019,1.118
New Zealand,2020,0.912
New Zealand,2021,0.982
New Zealand,2022,1.319
Nicaragua,2010,0.868
Nicaragua,2011,0.695
Nicaragua,2012,0.683
Nicaragua,2013,1.201
Nicaragua,2014,0.802
Nicaragua,2015,1.018
Nicaragua,2016,1.315
Nicaragua,2017,1.025
Nicaragua,2018,0.9
Nicaragua,2019,1.161
Nicaragua,2020,1.526
Nicaragua,2021,1.026
Nicaragua,2022,0.842
Niger,2010,1.557
Niger,2011,0.956
Niger,2012,0.588
Niger,2013,0.809
Niger,2014,0.987
Niger,2015,0.832
Niger,2016,0.933
Niger,2017,0.843
Niger,2018,1.065
Niger,2019,0.943
Niger,2020,0.776
Niger,2021,1.425
Niger,2022,0.428
Nigeria,2010,1.426
Nigeria,2011,0.852
Nigeria,2012,0.526
Nigeria,2013,0.922
Nigeria,2014,1.012
Nigeria,2015,1.187
Nigeria,2016,1.168
Nigeria,2017,1.17
Nigeria,2018,1.093
Nigeria,2019,1.229
Nigeria,2020,1.127
Nigeria,2021,1.559
Nigeria,2022,0.791
Niue,2010,
Niue,2011,
Niue,2012,
Niue,2013,
Niue,2014,
Niue,2015,
Niue,2016,
Niue,2017,
Niue,2018,
Niue,2019,
Niue,2020,
Niue,2021,
Niue,2022,
Norfolk Island,2010,0.47
Norfolk Island,2011,0.571
Norfolk Island,2012,0.101
Norfolk Island,2013,0.153
Norfolk Island,2014,-0.005
Norfolk Island,2015,0.532
Norfolk Island,2016,1.05
Norfolk Island,2017,0.717
Norfolk Island,2018,0.7
Norfolk Island,2019,0.667
Norfolk Island,2020,0.705
Norfolk Island,2021,0.613
Norfolk Island,2022,1.225
North Macedonia,2010,1.346
North Macedonia,2011,0.735
North Macedonia,2012,1.448
North Macedonia,2013,1.415
North Macedonia,2014,1.292
North Macedonia,2015,1.479
North Macedonia,2016,1.635
North Macedonia,2017,1.06
North Macedonia,2018,2.083
North Macedonia,2019,1.822
North Macedonia,2020,1.467
North Macedonia,2021,1.53
North Macedonia,2022,1.404
Norway,2010,-0.341
Norway,2011,1.398
Norway,2012,1.063
Norway,2013,0.791
Norway,2014,2.412
Norway,2015,1.781
Norway,2016,1.718
Norway,2017,1.551
Norway,2018,1.485
Norway,2019,1.208
Norway,2020,2.389
Norway,2021,1.499
Norway,2022,1.918
Oman,2010,1.104
Oman,2011,0.84
Oman,2012,0.754
Oman,2013,0.473
Oman,2014,0.485
Oman,2015,1.213
Oman,2016,0.933
Oman,2017,1.421
Oman,2018,1.121
Oman,2019,0.89
Oman,2020,0.496
Oman,2021,1.329
Oman,2022,1.055
Pakistan,2010,1.29
Pakistan,2011,0.833
Pakistan,2012,0.263
Pakistan,2013,0.778
Pakistan,2014,0.358
Pakistan,2015,0.529
Pakistan,2016,1.233
Pakistan,2017,1.252
Pakistan,2018,1.359
Pakistan,2019,0.566
Pakistan,2020,0.394
Pakistan,2021,1.121
Pakistan,2022,1.389
Palau,2010,0.598
Palau,2011,0.573
Palau,2012,0.77
Palau,2013,0.885
Palau,2014,0.952
Palau,2015,1.201
Palau,2016,1.264
Palau,2017,1.133
Palau,2018,1.205
Palau,2019,
Palau,2020,
Palau,2021,1.468
Palau,2022,1.672
Palestine,2010,2.326
Palestine,2011,0.581
Palestine,2012,1.043
Palestine,2013,1.114
Palestine,2014,0.863
Palestine,2015,1.326
Palestine,2016,1.615
Palestine,2017,0.735
Palestine,2018,2.007
Palestine,2019,1.204
Palestine,2020,1.455
Palestine,2021,1.787
Palestine,2022,1.074
Panama,2010,0.978
Panama,2011,0.585
Panama,2012,0.88
Panama,2013,0.999
Panama,2014,1.014
Panama,2015,1.232
Panama,2016,1.171
Panama,2017,0.94
Panama,2018,1.283
Panama,2019,1.43
Panama,2020,1.481
Panama,2021,1.199
Panama,2022,0.728
Papua New Guinea,2010,1.007
Papua New Guinea,2011,0.388
Papua New Guinea,2012,0.295
Papua New Guinea,2013,0.8
Papua New Guinea,2014,0.393
Papua New Guinea,2015,0.16
Papua New Guinea,2016,1.129
Papua New Guinea,2017,0.79
Papua New Guinea,2018,0.662
Papua New Guinea,2019,0.695
Papua New Guinea,2020,1.082
Papua New Guinea,2021,1.18
Papua New Guinea,2022,1.221
Paraguay,2010,0.326
Paraguay,2011,0.601
Paraguay,2012,0.825
Paraguay,2013,0.327
Paraguay,2014,1.119
Paraguay,2015,1.493
Paraguay,2016,0.25
Paraguay,2017,1.15
Paraguay,2018,0.539
Paraguay,2019,1.276
Paraguay,2020,1.369
Paraguay,2021,0.696
Paraguay,2022,0.649
Peru,2010,1.063
Peru,2011,0.791
Peru,2012,0.808
Peru,2013,0.647
Peru,2014,0.883
Peru,2015,1.256
Peru,2016,1.454
Peru,2017,0.978
Peru,2018,0.734
Peru,2019,1.048
Peru,2020,1.778
Peru,2021,1.287
Peru,2022,0.878
Philippines,2010,1.065
Philippines,2011,0.62
Philippines,2012,0.912
Philippines,2013,1.057
Philippines,2014,0.96
Philippines,2015,1.155
Philippines,2016,1.603
Philippines,2017,1.3
Philippines,2018,1.329
Philippines,2019,1.407
Philippines,2020,1.56
Philippines,2021,1.431
Philippines,2022,1.405
Pitcairn,2010,-0.11
Pitcairn,2011,
Pitcairn,2012,
Pitcairn,2013,
Pitcairn,2014,
Pitcairn,2015,
Pitcairn,2016,
Pitcairn,2017,
Pitcairn,2018,
Pitcairn,2019,
Pitcairn,2020,
Pitcairn,2021,
Pitcairn,2022,
Poland,2010,0.403
Poland,2011,0.765
Poland,2012,1.383
Poland,2013,0.651
Poland,2014,2.38
Poland,2015,2.013
Poland,2016,2.056
Poland,2017,1.475
Poland,2018,2.434
Poland,2019,2.652
Poland,2020,2.677
Poland,2021,1.466
Poland,2022,2.056
Portugal,2010,1.122
Portugal,2011,1.615
Portugal,2012,0.797
Portugal,2013,0.941
Portugal,2014,1.349
Portugal,2015,1.405
Portugal,2016,1.682
Portugal,2017,2.109
Portugal,2018,0.906
Portugal,2019,1.291
Portugal,2020,1.99
Portugal,2021,1.251
Portugal,2022,2.318
Puerto Rico,2010,1.177
Puerto Rico,2011,0.531
Puerto Rico,2012,0.762
Puerto Rico,2013,0.774
Puerto Rico,2014,0.869
Puerto Rico,2015,1.093
Puerto Rico,2016,1.203
Puerto Rico,2017,0.967
Puerto Rico,2018,0.848
Puerto Rico,2019,0.95
Puerto Rico,2020,1.349
Puerto Rico,2021,0.922
Puerto Rico,2022,0.848
Qatar,2010,2.001
Qatar,2011,1.444
Qatar,2012,1.376
Qatar,2013,1.212
Qatar,2014,1.541
Qatar,2015,1.971
Qatar,2016,1.515
Qatar,2017,1.893
Qatar,2018,2.004
Qatar,2019,1.84
Qatar,2020,1.734
Qatar,2021,2.165
Qatar,2022,1.855
Republic of Korea,2010,0.498
Republic of Korea,2011,0.31
Republic of Korea,2012,0.402
Republic of Korea,2013,0.519
Republic of Korea,2014,0.987
Republic of Korea,2015,0.944
Republic of Korea,2016,1.637
Republic of Korea,2017,1.459
Republic of Korea,2018,0.966
Republic of Korea,2019,1.485
Republic of Korea,2020,1.551
Republic of Korea,2021,1.762
Republic of Korea,2022,1.659
Republic of Moldova,2010,1.365
Republic of Moldova,2011,0.491
Republic of Moldova,2012,2.089
Republic of Moldova,2013,1.364
Republic of Moldova,2014,1.445
Republic of Moldova,2015,2.015
Republic of Moldova,2016,2.092
Republic of Moldova,2017,1.411
Republic of Moldova,2018,2.103
Republic of Moldova,2019,2.405
Republic of Moldova,2020,3.06
Republic of Moldova,2021,1.339
Republic of Moldova,2022,2.143
Réunion,2010,0.838
Réunion,2011,
Réunion,2012,
Réunion,2013,
Réunion,2014,
Réunion,2015,1.252
Réunion,2016,1.008
Réunion,2017,1.328
Réunion,2018,1.186
Réunion,2019,1.611
Réunion,2020,0.977
Réunion,2021,1.206
Réunion,2022,0.865
Romania,2010,1.167
Romania,2011,0.497
Romania,2012,1.828
Romania,2013,1.37
Romania,2014,1.552
Romania,2015,1.799
Romania,2016,1.876
Romania,2017,1.153
Romania,2018,2.266
Romania,2019,2.241
Romania,2020,2.256
Romania,2021,1.447
Romania,2022,1.949
Russian Federation,2010,0.88
Russian Federation,2011,1.704
Russian Federation,2012,1.933
Russian Federation,2013,1.166
Russian Federation,2014,1.753
Russian Federation,2015,2.246
Russian Federation,2016,2.459
Russian Federation,2017,2.127
Russian Federation,2018,2.043
Russian Federation,2019,2.178
Russian Federation,2020,3.691
Russian Federation,2021,1.643
Russian Federation,2022,2.261
Rwanda,2010,
Rwanda,2011,
Rwanda,2012,
Rwanda,2013,
Rwanda,2014,
Rwanda,2015,
Rwanda,2016,
Rwanda,2017,
Rwanda,2018,
Rwanda,2019,
Rwanda,2020,
Rwanda,2021,
Rwanda,2022,
"Saint Helena, Ascension and Tristan da Cunha",2010,1.135
"Saint Helena, Ascension and Tristan da Cunha",2011,1.447
"Saint Helena, Ascension and Tristan da Cunha",2012,1.255
"Saint Helena, Ascension and Tristan da Cunha",2013,1.218
"Saint Helena, Ascension and Tristan da Cunha",2014,1.322
"Saint Helena, Ascension and Tristan da Cunha",2015,1.902
"Saint Helena, Ascension and Tristan da Cunha",2016,1.647
"Saint Helena, Ascension and Tristan da Cunha",2017,1.37
"Saint Helena, Ascension and Tristan da Cunha",2018,1.609
"Saint Helena, Ascension and Tristan da Cunha",2019,1.645
"Saint Helena, Ascension and Tristan da Cunha",2020,1.407
"Saint Helena, Ascension and Tristan da Cunha",2021,1.747
"Saint Helena, Ascension and Tristan da Cunha",2022,1.686
Saint Kitts and Nevis,2010,1.153
Saint Kitts and Nevis,2011,0.586
Saint Kitts and Nevis,2012,0.696
Saint Kitts and Nevis,2013,0.783
Saint Kitts and Nevis,2014,0.744
Saint Kitts and Nevis,2015,1.035
Saint Kitts and Nevis,2016,1.097
Saint Kitts and Nevis,2017,0.958
Saint Kitts and Nevis,2018,0.627
Saint Kitts and Nevis,2019,0.797
Saint Kitts and Nevis,2020,1.131
Saint Kitts and Nevis,2021,0.862
Saint Kitts and Nevis,2022,0.77
Saint Lucia,2010,1.177
Saint Lucia,2011,0.642
Saint Lucia,2012,0.625
Saint Lucia,2013,0.744
Saint Lucia,2014,0.619
Saint Lucia,2015,0.861
Saint Lucia,2016,0.999
Saint Lucia,2017,0.844
Saint Lucia,2018,0.532
Saint Lucia,2019,0.967
Saint Lucia,2020,1.161
Saint Lucia,2021,0.732
Saint Lucia,2022,0.689
Saint Pierre and Miquelon,2010,1.311
Saint Pierre and Miquelon,2011,1.147
Saint Pierre and Miquelon,2012,1.992
Saint Pierre and Miquelon,2013,1.292
Saint Pierre and Miquelon,2014,0.375
Saint Pierre and Miquelon,2015,0.106
Saint Pierre and Miquelon,2016,0.854
Saint Pierre and Miquelon,2017,0.36
Saint Pierre and Miquelon,2018,0.682
Saint Pierre and Miquelon,2019,0.05
Saint Pierre and Miquelon,2020,0.742
Saint Pierre and Miquelon,2021,2.32
Saint Pierre and Miquelon,2022,1.944
Saint Vincent and the Grenadines,2010,1.2
Saint Vincent and the Grenadines,2011,0.684
Saint Vincent and the Grenadines,2012,0.581
Saint Vincent and the Grenadines,2013,0.773
Saint Vincent and the Grenadines,2014,0.642
Saint Vincent and the Grenadines,2015,0.839
Saint Vincent and the Grenadines,2016,0.949
Saint Vincent and the Grenadines,2017,0.911
Saint Vincent and the Grenadines,2018,0.539
Saint Vincent and the Grenadines,2019,1.169
Saint Vincent and the Grenadines,2020,1.229
Saint Vincent and the Grenadines,2021,0.761
Saint Vincent and the Grenadines,2022,0.698
Samoa,2010,1.246
Samoa,2011,0.719
Samoa,2012,0.834
Samoa,2013,1.167
Samoa,2014,1.071
Samoa,2015,0.91
Samoa,2016,1.44
Samoa,2017,1.336
Samoa,2018,1.09
Samoa,2019,1.44
Samoa,2020,1.332
Samoa,2021,1.169
Samoa,2022,1.156
San Marino,2010,0.696
San Marino,2011,1.28
San Marino,2012,1.687
San Marino,2013,0.992
San Marino,2014,1.607
San Marino,2015,1.833
San Marino,2016,1.768
San Marino,2017,1.7
San Marino,2018,1.971
San Marino,2019,1.822
San Marino,2020,1.995
San Marino,2021,1.529
San Marino,2022,2.115
Sao Tome and Principe,2010,1.049
Sao Tome and Principe,2011,0.735
Sao Tome and Principe,2012,0.802
Sao Tome and Principe,2013,0.851
Sao Tome and Principe,2014,0.945
Sao Tome and Principe,2015,0.866
Sao Tome and Principe,2016,1.56
Sao Tome and Principe,2017,1.289
Sao Tome and Principe,2018,1.007
Sao Tome and Principe,2019,1.393
Sao Tome and Principe,2020,1.624
Sao Tome and Principe,2021,1.398
Sao Tome and Principe,2022,1.321
Saudi Arabia,2010,2.18
Saudi Arabia,2011,0.893
Saudi Arabia,2012,1.241
Saudi Arabia,2013,1.204
Saudi Arabia,2014,1.249
Saudi Arabia,2015,1.867
Saudi Arabia,2016,1.533
Saudi Arabia,2017,1.78
Saudi Arabia,2018,1.887
Saudi Arabia,2019,1.69
Saudi Arabia,2020,1.488
Saudi Arabia,2021,2.203
Saudi Arabia,2022,1.745
Senegal,2010,1.432
Senegal,2011,1.187
Senegal,2012,0.834
Senegal,2013,1.18
Senegal,2014,1.105
Senegal,2015,1.212
Senegal,2016,1.542
Senegal,2017,1.744
Senegal,2018,0.964
Senegal,2019,1.396
Senegal,2020,1.665
Senegal,2021,1.782
Senegal,2022,1.405
Serbia,2010,1.161
Serbia,2011,0.736
Serbia,2012,1.692
Serbia,2013,1.413
Serbia,2014,1.596
Serbia,2015,1.743
Serbia,2016,1.698
Serbia,2017,1.276
Serbia,2018,2.317
Serbia,2019,2.087
Serbia,2020,1.816
Serbia,2021,1.594
Serbia,2022,1.938
Seychelles,2010,1.019
Seychelles,2011,0.927
Seychelles,2012,0.922
Seychelles,2013,0.749
Seychelles,2014,0.863
Seychelles,2015,1.169
Seychelles,2016,1.1
Seychelles,2017,1.184
Seychelles,2018,0.917
Seychelles,2019,1.377
Seychelles,2020,1.434
Seychelles,2021,1.032
Seychelles,2022,0.872
Sierra Leone,2010,1.405
Sierra Leone,2011,1.134
Sierra Leone,2012,0.533
Sierra Leone,2013,1.058
Sierra Leone,2014,1.037
Sierra Leone,2015,1.16
Sierra Leone,2016,1.086
Sierra Leone,2017,1.728
Sierra Leone,2018,1.234
Sierra Leone,2019,1.561
Sierra Leone,2020,1.526
Sierra Leone,2021,1.565
Sierra Leone,2022,1.328
Singapore,2010,1.059
Singapore,2011,0.74
Singapore,2012,0.826
Singapore,2013,1.15
Singapore,2014,1.331
Singapore,2015,1.537
Singapore,2016,2.038
Singapore,2017,1.587
Singapore,2018,1.37
Singapore,2019,1.878
Singapore,2020,1.585
Singapore,2021,1.3
Singapore,2022,1.311
Slovakia,2010,0.685
Slovakia,2011,0.84
Slovakia,2012,1.569
Slovakia,2013,0.949
Slovakia,2014,2.379
Slovakia,2015,2.122
Slovakia,2016,1.959
Slovakia,2017,1.276
Slovakia,2018,2.549
Slovakia,2019,2.42
Slovakia,2020,2.027
Slovakia,2021,1.287
Slovakia,2022,2.018
Slovenia,2010,0.769
Slovenia,2011,1.354
Slovenia,2012,1.931
Slovenia,2013,1.234
Slovenia,2014,2.431
Slovenia,2015,2.125
Slovenia,2016,2.046
Slovenia,2017,1.721
Slovenia,2018,2.412
Slovenia,2019,2.34
Slovenia,2020,2.228
Slovenia,2021,1.524
Slovenia,2022,2.435
Solomon Islands,2010,0.69
Solomon Islands,2011,0.797
Solomon Islands,2012,0.887
Solomon Islands,2013,0.789
Solomon Islands,2014,0.766
Solomon Islands,2015,0.674
Solomon Islands,2016,
Solomon Islands,2017,
Solomon Islands,2018,
Solomon Islands,2019,
Solomon Islands,2020,1.185
Solomon Islands,2021,0.955
Solomon Islands,2022,1.038
Somalia,2010,1.091
Somalia,2011,1.057
Somalia,2012,0.976
Somalia,2013,1.089
Somalia,2014,1.121
Somalia,2015,1.467
Somalia,2016,1.267
Somalia,2017,1.623
Somalia,2018,0.709
Somalia,2019,1.528
Somalia,2020,1.724
Somalia,2021,1.532
Somalia,2022,1.449
South Africa,2010,1.083
South Africa,2011,0.446
South Africa,2012,0.508
South Africa,2013,0.655
South Africa,2014,0.838
South Africa,2015,1.3
South Africa,2016,1.562
South Africa,2017,1.103
South Africa,2018,1.016
South Africa,2019,1.811
South Africa,2020,0.89
South Africa,2021,0.809
South Africa,2022,1.094
South Georgia and the South Sandwich Islands,2010,0.918
South Georgia and the South Sandwich Islands,2011,0.825
South Georgia and the South Sandwich Islands,2012,0.074
South Georgia and the South Sandwich Islands,2013,-0.191
South Georgia and the South Sandwich Islands,2014,0.071
South Georgia and the South Sandwich Islands,2015,0.237
South Georgia and the South Sandwich Islands,2016,0.045
South Georgia and the South Sandwich Islands,2017,0.895
South Georgia and the South Sandwich Islands,2018,0.937
South Georgia and the South Sandwich Islands,2019,0.316
South Georgia and the South Sandwich Islands,2020,0.161
South Georgia and the South Sandwich Islands,2021,1.09
South Georgia and the South Sandwich Islands,2022,0.846
South Sudan,2011,1.462
South Sudan,2012,1.254
South Sudan,2013,1.325
South Sudan,2014,0.965
South Sudan,2015,1.139
South Sudan,2016,1.292
South Sudan,2017,1.299
South Sudan,2018,1.192
South Sudan,2019,1.001
South Sudan,2020,0.69
South Sudan,2021,1.168
South Sudan,2022,0.983
Spain,2010,0.908
Spain,2011,1.613
Spain,2012,1.043
Spain,2013,0.906
Spain,2014,1.603
Spain,2015,1.533
Spain,2016,1.714
Spain,2017,2.036
Spain,2018,1.149
Spain,2019,1.534
Spain,2020,2.083
Spain,2021,1.431
Spain,2022,2.489
Sri Lanka,2010,1.105
Sri Lanka,2011,0.739
Sri Lanka,2012,0.977
Sri Lanka,2013,0.862
Sri Lanka,2014,0.997
Sri Lanka,2015,1.006
Sri Lanka,2016,1.369
Sri Lanka,2017,1.095
Sri Lanka,2018,0.823
Sri Lanka,2019,1.275
Sri Lanka,2020,1.315
Sri Lanka,2021,1.034
Sri Lanka,2022,1.004
Sudan,2011,0.881
Sudan,2012,1.032
Sudan,2013,1.147
Sudan,2014,0.952
Sudan,2015,1.502
Sudan,2016,1.172
Sudan,2017,1.21
Sudan,2018,1.227
Sudan,2019,0.881
Sudan,2020,0.458
Sudan,2021,1.241
Sudan,2022,0.773
Sudan (former),2010,1.564
Sudan (former),2011,
Suriname,2010,1.509
Suriname,2011,1.074
Suriname,2012,0.986
Suriname,2013,1.118
Suriname,2014,1.136
Suriname,2015,1.309
Suriname,2016,1.79
Suriname,2017,1.439
Suriname,2018,1.25
Suriname,2019,1.53
Suriname,2020,1.682
Suriname,2021,1.277
Suriname,2022,1.296
Svalbard and Jan Mayen Islands,2010,2.272
Svalbard and Jan Mayen Islands,2011,2.107
Svalbard and Jan Mayen Islands,2012,3.825
Svalbard and Jan Mayen Islands,2013,2.272
Svalbard and Jan Mayen Islands,2014,3.383
Svalbard and Jan Mayen Islands,2015,3.313
Svalbard and Jan Mayen Islands,2016,5.327
Svalbard and Jan Mayen Islands,2017,3.338
Svalbard and Jan Mayen Islands,2018,4.065
Svalbard and Jan Mayen Islands,2019,2.871
Svalbard and Jan Mayen Islands,2020,2.004
Svalbard and Jan Mayen Islands,2021,3.013
Svalbard and Jan Mayen Islands,2022,3.522
Sweden,2010,-0.279
Sweden,2011,1.267
Sweden,2012,1.313
Sweden,2013,0.857
Sweden,2014,2.704
Sweden,2015,2.069
Sweden,2016,1.841
Sweden,2017,1.588
Sweden,2018,1.844
Sweden,2019,1.568
Sweden,2020,2.943
Sweden,2021,1.846
Sweden,2022,2.11
Switzerland,2010,0.459
Switzerland,2011,1.667
Switzerland,2012,1.512
Switzerland,2013,0.782
Switzerland,2014,2.169
Switzerland,2015,1.972
Switzerland,2016,1.859
Switzerland,2017,1.837
Switzerland,2018,2.343
Switzerland,2019,2.096
Switzerland,2020,2.514
Switzerland,2021,1.181
Switzerland,2022,2.798
Syrian Arab Republic,2010,2.475
Syrian Arab Republic,2011,0.656
Syrian Arab Republic,2012,1.044
Syrian Arab Republic,2013,1.383
Syrian Arab Republic,2014,1.213
Syrian Arab Republic,2015,1.319
Syrian Arab Republic,2016,1.796
Syrian Arab Republic,2017,1.142
Syrian Arab Republic,2018,2.389
Syrian Arab Republic,2019,1.562
Syrian Arab Republic,2020,1.868
Syrian Arab Republic,2021,2.238
Syrian Arab Republic,2022,1.535
Tajikistan,2010,1.342
Tajikistan,2011,1.438
Tajikistan,2012,-0.032
Tajikistan,2013,1.255
Tajikistan,2014,0.461
Tajikistan,2015,1.301
Tajikistan,2016,1.645
Tajikistan,2017,1.288
Tajikistan,2018,1.66
Tajikistan,2019,1.325
Tajikistan,2020,1.034
Tajikistan,2021,0.945
Tajikistan,2022,2.074
Thailand,2010,1.405
Thailand,2011,0.36
Thailand,2012,1.023
Thailand,2013,1.234
Thailand,2014,0.845
Thailand,2015,1.392
Thailand,2016,1.659
Thailand,2017,1.202
Thailand,2018,0.954
Thailand,2019,1.857
Thailand,2020,1.596
Thailand,2021,1.112
Thailand,2022,1.014
Timor-Leste,2010,0.971
Timor-Leste,2011,-0.083
Timor-Leste,2012,0.101
Timor-Leste,2013,0.683
Timor-Leste,2014,0.583
Timor-Leste,2015,0.742
Timor-Leste,2016,1.88
Timor-Leste,2017,1.154
Timor-Leste,2018,0.96
Timor-Leste,2019,1.172
Timor-Leste,2020,1.996
Timor-Leste,2021,1.416
Timor-Leste,2022,1.315
Togo,2010,1.249
Togo,2011,0.866
Togo,2012,0.571
Togo,2013,0.754
Togo,2014,0.923
Togo,2015,1.096
Togo,2016,1.125
Togo,2017,1.243
Togo,2018,1.123
Togo,2019,1.273
Togo,2020,1.134
Togo,2021,1.554
Togo,2022,0.975
Tokelau,2010,
Tokelau,2011,
Tokelau,2012,
Tokelau,2013,
Tokelau,2014,
Tokelau,2015,
Tokelau,2016,
Tokelau,2017,
Tokelau,2018,
Tokelau,2019,
Tokelau,2020,
Tokelau,2021,
Tokelau,2022,
Tonga,2010,0.869
Tonga,2011,0.602
Tonga,2012,0.671
Tonga,2013,0.807
Tonga,2014,0.713
Tonga,2015,0.759
Tonga,2016,1.284
Tonga,2017,1.077
Tonga,2018,1.021
Tonga,2019,1.599
Tonga,2020,1.398
Tonga,2021,1.19
Tonga,2022,0.846
Trinidad and Tobago,2010,1.247
Trinidad and Tobago,2011,0.577
Trinidad and Tobago,2012,0.626
Trinidad and Tobago,2013,0.792
Trinidad and Tobago,2014,0.692
Trinidad and Tobago,2015,0.824
Trinidad and Tobago,2016,0.925
Trinidad and Tobago,2017,1.177
Trinidad and Tobago,2018,0.667
Trinidad and Tobago,2019,1.191
Trinidad and Tobago,2020,1.395
Trinidad and Tobago,2021,0.952
Trinidad and Tobago,2022,0.714
Tunisia,2010,1.752
Tunisia,2011,1.038
Tunisia,2012,1.607
Tunisia,2013,1.47
Tunisia,2014,1.879
Tunisia,2015,1.192
Tunisia,2016,1.896
Tunisia,2017,1.377
Tunisia,2018,1.507
Tunisia,2019,1.34
Tunisia,2020,2.015
Tunisia,2021,2.555
Tunisia,2022,2.291
Türkiye,2010,2.377
Türkiye,2011,0.38
Türkiye,2012,0.95
Türkiye,2013,1.336
Türkiye,2014,1.323
Türkiye,2015,0.806
Türkiye,2016,1.566
Türkiye,2017,0.741
Türkiye,2018,2.596
Türkiye,2019,1.651
Türkiye,2020,1.842
Türkiye,2021,1.872
Türkiye,2022,1.244
Turkmenistan,2010,1.891
Turkmenistan,2011,1.098
Turkmenistan,2012,0.78
Turkmenistan,2013,1.643
Turkmenistan,2014,0.714
Turkmenistan,2015,1.427
Turkmenistan,2016,2.02
Turkmenistan,2017,1.692
Turkmenistan,2018,1.524
Turkmenistan,2019,1.818
Turkmenistan,2020,1.528
Turkmenistan,2021,1.647
Turkmenistan,2022,2.528
Turks and Caicos Islands,2010,1.185
Turks and Caicos Islands,2011,0.595
Turks and Caicos Islands,2012,0.777
Turks and Caicos Islands,2013,1.307
Turks and Caicos Islands,2014,1.247
Turks and Caicos Islands,2015,1.471
Turks and Caicos Islands,2016,0.831
Turks and Caicos Islands,2017,1.063
Turks and Caicos Islands,2018,
Turks and Caicos Islands,2019,1.456
Turks and Caicos Islands,2020,1.547
Turks and Caicos Islands,2021,0.94
Turks and Caicos Islands,2022,0.944
Tuvalu,2010,0.922
Tuvalu,2011,0.805
Tuvalu,2012,0.612
Tuvalu,2013,0.682
Tuvalu,2014,0.646
Tuvalu,2015,0.798
Tuvalu,2016,0.921
Tuvalu,2017,1.013
Tuvalu,2018,0.975
Tuvalu,2019,1.078
Tuvalu,2020,1.195
Tuvalu,2021,0.689
Tuvalu,2022,0.663
Uganda,2010,1.425
Uganda,2011,1.099
Uganda,2012,1.117
Uganda,2013,1.06
Uganda,2014,1.136
Uganda,2015,1.159
Uganda,2016,1.262
Uganda,2017,1.735
Uganda,2018,1.102
Uganda,2019,1.616
Uganda,2020,1.236
Uganda,2021,1.499
Uganda,2022,1.416
Ukraine,2010,1.649
Ukraine,2011,0.581
Ukraine,2012,1.957
Ukraine,2013,1.522
Ukraine,2014,1.718
Ukraine,2015,2.075
Ukraine,2016,2.114
Ukraine,2017,1.419
Ukraine,2018,2.242
Ukraine,2019,2.37
Ukraine,2020,3.026
Ukraine,2021,1.435
Ukraine,2022,1.931
United Arab Emirates,2010,1.482
United Arab Emirates,2011,1.121
United Arab Emirates,2012,1.086
United Arab Emirates,2013,0.739
United Arab Emirates,2014,0.909
United Arab Emirates,2015,1.556
United Arab Emirates,2016,1.059
United Arab Emirates,2017,1.632
United Arab Emirates,2018,1.498
United Arab Emirates,2019,1.204
United Arab Emirates,2020,1.21
United Arab Emirates,2021,1.699
United Arab Emirates,2022,1.482
United Kingdom of Great Britain and Northern Ireland,2010,-0.05
United Kingdom of Great Britain and Northern Ireland,2011,0.851
United Kingdom of Great Britain and Northern Ireland,2012,0.576
United Kingdom of Great Britain and Northern Ireland,2013,0.364
United Kingdom of Great Britain and Northern Ireland,2014,1.718
United Kingdom of Great Britain and Northern Ireland,2015,0.614
United Kingdom of Great Britain and Northern Ireland,2016,1.161
United Kingdom of Great Britain and Northern Ireland,2017,1.424
United Kingdom of Great Britain and Northern Ireland,2018,0.998
United Kingdom of Great Britain and Northern Ireland,2019,1.231
United Kingdom of Great Britain and Northern Ireland,2020,1.373
United Kingdom of Great Britain and Northern Ireland,2021,0.929
United Kingdom of Great Britain and Northern Ireland,2022,1.911
United Republic of Tanzania,2010,1.013
United Republic of Tanzania,2011,0.723
United Republic of Tanzania,2012,0.82
United Republic of Tanzania,2013,0.885
United Republic of Tanzania,2014,0.935
United Republic of Tanzania,2015,1.102
United Republic of Tanzania,2016,0.995
United Republic of Tanzania,2017,1.45
United Republic of Tanzania,2018,1.055
United Republic of Tanzania,2019,1.399
United Republic of Tanzania,2020,1.091
United Republic of Tanzania,2021,1.126
United Republic of Tanzania,2022,0.911
United States of America,2010,0.695
United States of America,2011,0.537
United States of America,2012,1.448
United States of America,2013,0.614
United States of America,2014,0.501
United States of America,2015,1.531
United States of America,2016,2.224
United States of America,2017,1.433
United States of America,2018,1.276
United States of America,2019,1.034
United States of America,2020,1.324
United States of America,2021,1.144
United States of America,2022,1.217
United States Virgin Islands,2010,1.054
United States Virgin Islands,2011,0.419
United States Virgin Islands,2012,0.619
United States Virgin Islands,2013,0.755
United States Virgin Islands,2014,0.882
United States Virgin Islands,2015,1.071
United States Virgin Islands,2016,1.162
United States Virgin Islands,2017,0.964
United States Virgin Islands,2018,0.722
United States Virgin Islands,2019,0.898
United States Virgin Islands,2020,1.32
United States Virgin Islands,2021,0.922
United States Virgin Islands,2022,0.894
Uruguay,2010,0.261
Uruguay,2011,0.447
Uruguay,2012,0.836
Uruguay,2013,0.149
Uruguay,2014,1.162
Uruguay,2015,1.048
Uruguay,2016,0.301
Uruguay,2017,1.546
Uruguay,2018,1.196
Uruguay,2019,0.766
Uruguay,2020,0.89
Uruguay,2021,0.79
Uruguay,2022,0.382
Uzbekistan,2010,1.827
Uzbekistan,2011,1.091
Uzbekistan,2012,0.716
Uzbekistan,2013,1.563
Uzbekistan,2014,0.211
Uzbekistan,2015,1.443
Uzbekistan,2016,2.31
Uzbekistan,2017,1.792
Uzbekistan,2018,1.044
Uzbekistan,2019,1.943
Uzbekistan,2020,1.721
Uzbekistan,2021,1.532
Uzbekistan,2022,2.607
Vanuatu,2010,0.878
Vanuatu,2011,0.669
Vanuatu,2012,0.402
Vanuatu,2013,0.706
Vanuatu,2014,0.585
Vanuatu,2015,0.573
Vanuatu,2016,1.146
Vanuatu,2017,1.131
Vanuatu,2018,0.613
Vanuatu,2019,0.897
Vanuatu,2020,1.226
Vanuatu,2021,1.147
Vanuatu,2022,1.479
Venezuela (Bolivarian Republic of),2010,1.227
Venezuela (Bolivarian Republic of),2011,0.601
Venezuela (Bolivarian Republic of),2012,0.513
Venezuela (Bolivarian Republic of),2013,0.941
Venezuela (Bolivarian Republic of),2014,0.865
Venezuela (Bolivarian Republic of),2015,1.094
Venezuela (Bolivarian Republic of),2016,1.098
Venezuela (Bolivarian Republic of),2017,0.726
Venezuela (Bolivarian Republic of),2018,0.843
Venezuela (Bolivarian Republic of),2019,1.235
Venezuela (Bolivarian Republic of),2020,1.35
Venezuela (Bolivarian Republic of),2021,0.734
Venezuela (Bolivarian Republic of),2022,0.533
Viet Nam,2010,1.092
Viet Nam,2011,0.118
Viet Nam,2012,0.736
Viet Nam,2013,0.895
Viet Nam,2014,0.54
Viet Nam,2015,1.222
Viet Nam,2016,1.191
Viet Nam,2017,1.121
Viet Nam,2018,0.817
Viet Nam,2019,1.811
Viet Nam,2020,1.477
Viet Nam,2021,1.114
Viet Nam,2022,1.033
Wake Island,2010,0.077
Wake Island,2011,0.032
Wake Island,2012,0.235
Wake Island,2013,0.849
Wake Island,2014,1.002
Wake Island,2015,0.366
Wake Island,2016,0.158
Wake Island,2017,0.546
Wake Island,2018,0.348
Wake Island,2019,
Wake Island,2020,
Wake Island,2021,0.64
Wake Island,2022,0.561
Wallis and Futuna Islands,2010,0.93
Wallis and Futuna Islands,2011,0.73
Wallis and Futuna Islands,2012,0.701
Wallis and Futuna Islands,2013,0.773
Wallis and Futuna Islands,2014,0.686
Wallis and Futuna Islands,2015,0.724
Wallis and Futuna Islands,2016,1.267
Wallis and Futuna Islands,2017,1.062
Wallis and Futuna Islands,2018,0.92
Wallis and Futuna Islands,2019,1.379
Wallis and Futuna Islands,2020,1.274
Wallis and Futuna Islands,2021,1.029
Wallis and Futuna Islands,2022,0.951
Western Sahara,2010,1.898
Western Sahara,2011,1.579
Western Sahara,2012,1.344
Western Sahara,2013,1.423
Western Sahara,2014,1.401
Western Sahara,2015,1.51
Western Sahara,2016,1.732
Western Sahara,2017,2.204
Western Sahara,2018,0.942
Western Sahara,2019,1.477
Western Sahara,2020,2.069
Western Sahara,2021,1.593
Western Sahara,2022,1.97
Yemen,2010,
Yemen,2011,
Yemen,2012,
Yemen,2013,
Yemen,2014,
Yemen,2015,
Yemen,2016,
Yemen,2017,
Yemen,2018,
Yemen,2019,
Yemen,2020,
Yemen,2021,
Yemen,2022,
Zambia,2010,1.21
Zambia,2011,0.956
Zambia,2012,0.972
Zambia,2013,0.79
Zambia,2014,0.917
Zambia,2015,1.45
Zambia,2016,1.401
Zambia,2017,0.105
Zambia,2018,0.648
Zambia,2019,0.855
Zambia,2020,0.891
Zambia,2021,0.822
Zambia,2022,0.686
Zimbabwe,2010,0.935
Zimbabwe,2011,0.232
Zimbabwe,2012,0.334
Zimbabwe,2013,0.118
Zimbabwe,2014,0.025
Zimbabwe,2015,0.97
Zimbabwe,2016,1.27
Zimbabwe,2017,0.088
Zimbabwe,2018,0.453
Zimbabwe,2019,0.925
Zimbabwe,2020,0.389
Zimbabwe,2021,-0.125
Zimbabwe,2022,-0.49
